2024	2024	2024	2024	名詞-数詞			0
年	ネン	ネン	年	名詞-普通名詞-助数詞可能			1
06	06	06	06	名詞-数詞			0
月	ガツ	ガツ	月	名詞-普通名詞-助数詞可能			1
05	05	05	05	名詞-数詞			0
日	カ	カ	日	接尾辞-名詞的-助数詞			
16	16	16	16	名詞-数詞			0
時	ジ	ジ	時	名詞-普通名詞-助数詞可能			1
00	00	00	00	名詞-数詞			0
分	フン	フン	分	名詞-普通名詞-助数詞可能			1
ソフトウェア	ソフトウェア	ソフトウェア	ソフトウェア-software	名詞-普通名詞-一般			4
Windows	Windows	Windows	Windows	名詞-普通名詞-一般			0
11	11	11	11	名詞-数詞			0
の	ノ	ノ	の	助詞-格助詞			
すべて	スベテ	スベテ	全て	名詞-普通名詞-副詞可能			1
を	オ	ヲ	を	助詞-格助詞			
保存	ホゾン	ホゾン	保存	名詞-普通名詞-サ変可能			0
する	スル	スル	為る	動詞-非自立可能	サ行変格	連体形-一般	0
「			「	補助記号-括弧開			
Recall	Recall	Recall	Recall	名詞-普通名詞-一般			0
」			」	補助記号-括弧閉			
機能	キノー	キノウ	機能	名詞-普通名詞-サ変可能			1
の	ノ	ノ	の	助詞-格助詞			
記録	キロク	キロク	記録	名詞-普通名詞-サ変可能			0
データ	データ	データ	データ-data	名詞-普通名詞-一般			1,0
から	カラ	カラ	から	助詞-格助詞			
あらゆる	アラユル	アラユル	あらゆる	連体詞			3
もの	モノ	モノ	物	名詞-普通名詞-サ変可能			2,0
を	オ	ヲ	を	助詞-格助詞			
抽出	チューシュツ	チュウシュツ	抽出	名詞-普通名詞-サ変可能			0
する	スル	スル	為る	動詞-非自立可能	サ行変格	連体形-一般	0
「			「	補助記号-括弧開			
TotalRecall	TotalRecall	TotalRecall	TotalRecall	名詞-普通名詞-一般			0
(			（	補助記号-括弧開			
トータル	トータル	トータル	トータル-total	名詞-普通名詞-サ変可能			1
・			・	補助記号-一般			
リコール	リコール	リコール	リコール-recall	名詞-普通名詞-サ変可能			2
)			）	補助記号-括弧閉			
」			」	補助記号-括弧閉			
Microsoft	Microsoft	Microsoft	Microsoft	名詞-普通名詞-一般			0
は	ワ	ハ	は	助詞-係助詞			
、			、	補助記号-読点			
AI	AI	AI	AI	名詞-普通名詞-一般			0
特化	トッカ	トッカ	特化	名詞-普通名詞-サ変可能			0
の	ノ	ノ	の	助詞-格助詞			
Windows	Windows	Windows	Windows	名詞-普通名詞-一般			0
PC	PC	PC	PC	名詞-普通名詞-一般			0
「			「	補助記号-括弧開			
Copilot	Copilot	Copilot	Copilot	名詞-普通名詞-一般			0
+			＋	補助記号-一般			
PC	PC	PC	PC	名詞-普通名詞-一般			0
」			」	補助記号-括弧閉			
で	デ	デ	で	助詞-格助詞			
、			、	補助記号-読点			
PC	PC	PC	PC	名詞-普通名詞-一般			0
上	ジョー	ジョウ	上	接尾辞-名詞的-副詞可能			
の	ノ	ノ	の	助詞-格助詞			
作業	サギョー	サギョウ	作業	名詞-普通名詞-サ変可能			1
や	ヤ	ヤ	や	助詞-副助詞			
視聴	シチョー	シチョウ	視聴	名詞-普通名詞-サ変可能			0
履歴	リレキ	リレキ	履歴	名詞-普通名詞-一般			0
を	オ	ヲ	を	助詞-格助詞			
すべて	スベテ	スベテ	全て	名詞-普通名詞-副詞可能			1
記録	キロク	キロク	記録	名詞-普通名詞-サ変可能			0
し	シ	スル	為る	動詞-非自立可能	サ行変格	連用形-一般	0
て	テ	テ	て	助詞-接続助詞			
検索	ケンサク	ケンサク	検索	名詞-普通名詞-サ変可能			0
できる	デキル	デキル	出来る	動詞-非自立可能	上一段-カ行	連体形-一般	2
機能	キノー	キノウ	機能	名詞-普通名詞-サ変可能			1
「			「	補助記号-括弧開			
Recall	Recall	Recall	Recall	名詞-普通名詞-一般			0
」			」	補助記号-括弧閉			
を	オ	ヲ	を	助詞-格助詞			
発表	ハッピョー	ハッピョウ	発表	名詞-普通名詞-サ変可能			0
し	シ	スル	為る	動詞-非自立可能	サ行変格	連用形-一般	0
まし	マシ	マス	ます	助動詞	助動詞-マス	連用形-一般	
た	タ	タ	た	助動詞	助動詞-タ	終止形-一般	
。			。	補助記号-句点			
この	コノ	コノ	此の	連体詞			0
「			「	補助記号-括弧開			
Recall	Recall	Recall	Recall	名詞-普通名詞-一般			0
」			」	補助記号-括弧閉			
が	ガ	ガ	が	助詞-格助詞			
ノート	ノート	ノート	ノート-note	名詞-普通名詞-サ変可能			1
PC	PC	PC	PC	名詞-普通名詞-一般			0
に	ニ	ニ	に	助詞-格助詞			
記録	キロク	キロク	記録	名詞-普通名詞-サ変可能			0
する	スル	スル	為る	動詞-非自立可能	サ行変格	連体形-一般	0
すべて	スベテ	スベテ	全て	名詞-普通名詞-副詞可能			1
の	ノ	ノ	の	助詞-格助詞			
情報	ジョーホー	ジョウホウ	情報	名詞-普通名詞-一般			0
を	オ	ヲ	を	助詞-格助詞			
自動	ジドー	ジドウ	自動	名詞-普通名詞-一般			0
的	テキ	テキ	的	接尾辞-形状詞的			
に	ニ	ダ	だ	助動詞	助動詞-ダ	連用形-ニ	
抽出	チューシュツ	チュウシュツ	抽出	名詞-普通名詞-サ変可能			0
し	シ	スル	為る	動詞-非自立可能	サ行変格	連用形-一般	0
て	テ	テ	て	助詞-接続助詞			
表示	ヒョージ	ヒョウジ	表示	名詞-普通名詞-サ変可能			0,1
する	スル	スル	為る	動詞-非自立可能	サ行変格	連体形-一般	0
デモ	デモ	デモ	デモ-demo	名詞-普通名詞-サ変可能			1
ツール	ツール	ツール	ツール-tool	名詞-普通名詞-一般			1
「			「	補助記号-括弧開			
TotalRecall	TotalRecall	TotalRecall	TotalRecall	名詞-普通名詞-一般			0
」			」	補助記号-括弧閉			
を	オ	ヲ	を	助詞-格助詞			
、			、	補助記号-読点			
セキュリティ	セキュリティ	セキュリティー	セキュリティー-security	名詞-普通名詞-一般			2
研究	ケンキュー	ケンキュウ	研究	名詞-普通名詞-サ変可能			0
者	シャ	シャ	者	接尾辞-名詞的-一般			
で	デ	デ	で	助詞-格助詞			
ホワイト	ホワイト	ホワイト	ホワイト-white	名詞-普通名詞-一般			2
ハッカー	ハッカー	ハッカー	ハッカー-hacker	名詞-普通名詞-一般			1
で	デ	デ	で	助詞-格助詞			
も	モ	モ	も	助詞-係助詞			
ある	アル	アル	有る	動詞-非自立可能	五段-ラ行	連体形-一般	1
アレックス	アレックス	アレックス	アレックス-外国	名詞-固有名詞-人名-一般			2
・			・	補助記号-一般			
ハーゲナ	ハーゲナ	ハーゲナ	ハーゲナ	名詞-固有名詞-人名-一般			0
氏	シ	シ	氏	接尾辞-名詞的-一般			
が	ガ	ガ	が	助詞-格助詞			
リリース	リリース	リリース	リリース-release	名詞-普通名詞-サ変可能			2
し	シ	スル	為る	動詞-非自立可能	サ行変格	連用形-一般	0
まし	マシ	マス	ます	助動詞	助動詞-マス	連用形-一般	
た	タ	タ	た	助動詞	助動詞-タ	終止形-一般	
。			。	補助記号-句点			
GitHub	GitHub	GitHub	GitHub	名詞-普通名詞-一般			0
-	-	-	-	記号-一般			0
xaitax	xaitax	xaitax	xaitax	名詞-普通名詞-一般			0
/			／	補助記号-一般			
TotalRecall	TotalRecall	TotalRecall	TotalRecall	名詞-普通名詞-一般			0
:			：	補助記号-一般			
This	This	This	This	名詞-普通名詞-一般			0
tool	tool	tool	tool	名詞-普通名詞-一般			0
extracts	extracts	extracts	extracts	名詞-普通名詞-一般			0
and	and	and	and	名詞-普通名詞-一般			0
displays	displays	displays	displays	名詞-普通名詞-一般			0
data	data	data	data	名詞-普通名詞-一般			0
from	from	from	from	名詞-普通名詞-一般			0
the	the	the	the	名詞-普通名詞-一般			0
Recall	Recall	Recall	Recall	名詞-普通名詞-一般			0
feature	feature	feature	feature	名詞-普通名詞-一般			0
in	in	in	in	名詞-普通名詞-一般			0
Windows	Windows	Windows	Windows	名詞-普通名詞-一般			0
11	11	11	11	名詞-数詞			0
,	,	,	,	記号-一般			0
providing	providing	providing	providing	名詞-普通名詞-一般			0
an	an	an	an	名詞-普通名詞-一般			0
easy	easy	easy	easy	名詞-普通名詞-一般			0
way	way	way	way	名詞-普通名詞-一般			0
to	to	to	to	名詞-普通名詞-一般			0
access	access	access	access	名詞-普通名詞-一般			0
information	information	information	information	名詞-普通名詞-一般			0
about	about	about	about	名詞-普通名詞-一般			0
your	your	your	your	名詞-普通名詞-一般			0
PC	PC	PC	PC	名詞-普通名詞-一般			0
'	'	'	'	記号-一般			0
s	s	s	s	名詞-普通名詞-一般			0
activity	activity	activity	activity	名詞-普通名詞-一般			0
snapshots	snapshots	snapshots	snapshots	名詞-普通名詞-一般			0
.			．	補助記号-句点			
https	https	https	https	名詞-普通名詞-一般			0
:			：	補助記号-一般			
/			／	補助記号-一般			
/			／	補助記号-一般			
github	github	github	github	名詞-普通名詞-一般			0
.			．	補助記号-句点			
com	com	com	com	名詞-普通名詞-一般			0
/			／	補助記号-一般			
xaitax	xaitax	xaitax	xaitax	名詞-普通名詞-一般			0
/			／	補助記号-一般			
TotalRecall	TotalRecall	TotalRecall	TotalRecall	名詞-普通名詞-一般			0
Recall	Recall	Recall	Recall	名詞-普通名詞-一般			0
が	ガ	ガ	が	助詞-格助詞			
どんな	ドンナ	ドンナ	どんな	連体詞			1
機能	キノー	キノウ	機能	名詞-普通名詞-サ変可能			1
な	ナ	ダ	だ	助動詞	助動詞-ダ	連体形-一般	
の	ノ	ノ	の	助詞-準体助詞			
か	カ	カ	か	助詞-副助詞			
は	ワ	ハ	は	助詞-係助詞			
以下	イカ	イカ	以下	名詞-普通名詞-一般			1
の	ノ	ノ	の	助詞-格助詞			
記事	キジ	キジ	記事	名詞-普通名詞-一般			1
を	オ	ヲ	を	助詞-格助詞			
読む	ヨム	ヨム	読む	動詞-一般	五段-マ行	終止形-一般	1
と	ト	ト	と	助詞-接続助詞			
よく	ヨク	ヨク	良く	副詞			1
わかり	ワカリ	ワカル	分かる	動詞-一般	五段-ラ行	連用形-一般	2
ます	マス	マス	ます	助動詞	助動詞-マス	終止形-一般	
。			。	補助記号-句点			
Microsoft	Microsoft	Microsoft	Microsoft	名詞-普通名詞-一般			0
が	ガ	ガ	が	助詞-格助詞			
Windows	Windows	Windows	Windows	名詞-固有名詞-一般			0
11	11	11	11	名詞-数詞			0
の	ノ	ノ	の	助詞-格助詞			
新	シン	シン	新	接頭辞			
AI	AI	AI	AI	名詞-普通名詞-一般			0
機能	キノー	キノウ	機能	名詞-普通名詞-サ変可能			1
「			「	補助記号-括弧開			
Recall	Recall	Recall	Recall	名詞-普通名詞-一般			0
」			」	補助記号-括弧閉			
を	オ	ヲ	を	助詞-格助詞			
発表	ハッピョー	ハッピョウ	発表	名詞-普通名詞-サ変可能			0
、			、	補助記号-読点			
PC	PC	PC	PC	名詞-普通名詞-一般			0
で	デ	デ	で	助詞-格助詞			
見	ミ	ミル	見る	動詞-非自立可能	上一段-マ行	連用形-一般	1
た	タ	タ	た	助動詞	助動詞-タ	連体形-一般	
もの	モノ	モノ	物	名詞-普通名詞-サ変可能			2,0
行っ	イッ	イク	行く	動詞-非自立可能	五段-カ行	連用形-促音便	0
た	タ	タ	た	助動詞	助動詞-タ	連体形-一般	
こと	コト	コト	事	名詞-普通名詞-一般			2
を	オ	ヲ	を	助詞-格助詞			
すべて	スベテ	スベテ	全て	名詞-普通名詞-副詞可能			1
記録	キロク	キロク	記録	名詞-普通名詞-サ変可能			0
し	シ	スル	為る	動詞-非自立可能	サ行変格	連用形-一般	0
あと	アト	アト	後	名詞-普通名詞-副詞可能			1
から	カラ	カラ	から	助詞-格助詞			
検索	ケンサク	ケンサク	検索	名詞-普通名詞-サ変可能			0
できる	デキル	デキル	出来る	動詞-非自立可能	上一段-カ行	連体形-一般	2
パワフル	パワフル	パワフル	パワフル-powerful	名詞-普通名詞-形状詞可能			1
すぎる	スギル	スギル	過ぎる	動詞-非自立可能	上一段-ガ行	連体形-一般	2
AI	AI	AI	AI	名詞-普通名詞-一般			0
検索	ケンサク	ケンサク	検索	名詞-普通名詞-サ変可能			0
機能	キノー	キノウ	機能	名詞-普通名詞-サ変可能			1
-	-	-	-	記号-一般			0
GIGAZINE	GIGAZINE	GIGAZINE	GIGAZINE	名詞-普通名詞-一般			0
Windows	Windows	Windows	Windows	名詞-普通名詞-一般			0
11	11	11	11	名詞-数詞			0
の	ノ	ノ	の	助詞-格助詞			
Recall	Recall	Recall	Recall	名詞-普通名詞-一般			0
は	ワ	ハ	は	助詞-係助詞			
、			、	補助記号-読点			
その	ソノ	ソノ	其の	連体詞			0
すべて	スベテ	スベテ	全て	名詞-普通名詞-副詞可能			1
を	オ	ヲ	を	助詞-格助詞			
暗号	アンゴー	アンゴウ	暗号	名詞-普通名詞-一般			0
化	カ	カ	化	接尾辞-名詞的-サ変可能			
さ	サ	スル	為る	動詞-非自立可能	サ行変格	未然形-サ	0
れ	レ	レル	れる	助動詞	助動詞-レル	連用形-一般	
て	テ	テ	て	助詞-接続助詞			
い	イ	イル	居る	動詞-非自立可能	上一段-ア行	未然形-一般	0
ない	ナイ	ナイ	ない	助動詞	助動詞-ナイ	連体形-一般	
SQLite	SQLite	SQLite	SQLite	名詞-普通名詞-一般			0
データベース	データベース	データーベース	データーベース-database	名詞-普通名詞-一般			4
へ	エ	ヘ	へ	助詞-格助詞			
ローカル	ローカル	ローカル	ローカル-local	名詞-普通名詞-形状詞可能			1
に	ニ	ダ	だ	助動詞	助動詞-ダ	連用形-ニ	
保存	ホゾン	ホゾン	保存	名詞-普通名詞-サ変可能			0
し	シ	スル	為る	動詞-非自立可能	サ行変格	連用形-一般	0
、			、	補助記号-読点			
スクリーン	スクリーン	スクリーン	スクリーン-screen	名詞-普通名詞-一般			3
ショット	ショット	ショット	ショット-shot	名詞-普通名詞-一般			1
は	ワ	ハ	は	助詞-係助詞			
PC	PC	PC	PC	名詞-普通名詞-一般			0
上	ジョー	ジョウ	上	接尾辞-名詞的-副詞可能			
の	ノ	ノ	の	助詞-格助詞			
「			「	補助記号-括弧開			
C	C	C	C	名詞-普通名詞-一般			0
:\	:\	:\	:\	記号-一般			0
Users	Users	Users	Users	名詞-普通名詞-一般			0
\$	\$	\$	\$	記号-一般			0
USER	USER	USER	USER	名詞-普通名詞-一般			0
\	\	\	\	記号-一般			0
AppData	AppData	AppData	AppData	名詞-普通名詞-一般			0
\	\	\	\	記号-一般			0
Local	Local	Local	Local	名詞-普通名詞-一般			0
\	\	\	\	記号-一般			0
CoreAIPlatform	CoreAIPlatform	CoreAIPlatform	CoreAIPlatform	名詞-普通名詞-一般			0
.			．	補助記号-句点			
00	00	00	00	名詞-数詞			0
\	\	\	\	記号-一般			0
UKP	UKP	UKP	UKP	名詞-普通名詞-一般			0
\{	\{	\{	\{	記号-一般			0
GUID	GUID	GUID	GUID	名詞-普通名詞-一般			0
}			｝	補助記号-括弧閉			
」			」	補助記号-括弧閉			
に	ニ	ニ	に	助詞-格助詞			
、			、	補助記号-読点			
画像	ガゾー	ガゾウ	画像	名詞-普通名詞-一般			0
は	ワ	ハ	は	助詞-係助詞			
すべて	スベテ	スベテ	全て	名詞-普通名詞-副詞可能			1
「			「	補助記号-括弧開			
.\	.\	.\	.\	記号-一般			0
ImageStore	ImageStore	ImageStore	ImageStore	名詞-普通名詞-一般			0
\」	\」	\」	\」	記号-一般			0
と	ト	ト	と	助詞-格助詞			
いう	ユー	イウ	言う	動詞-一般	五段-ワア行	連体形-一般	
サブ	サブ	サブ	サブ-sub	名詞-普通名詞-一般			1
フォルダ	フォルダ	フォルダー	フォルダー-folder	名詞-普通名詞-一般			0,1
に	ニ	ニ	に	助詞-格助詞			
保存	ホゾン	ホゾン	保存	名詞-普通名詞-サ変可能			0
さ	サ	スル	為る	動詞-非自立可能	サ行変格	未然形-サ	0
れ	レ	レル	れる	助動詞	助動詞-レル	連用形-一般	
ます	マス	マス	ます	助動詞	助動詞-マス	終止形-一般	
。			。	補助記号-句点			
TotalRecall	TotalRecall	TotalRecall	TotalRecall	名詞-普通名詞-一般			0
は	ワ	ハ	は	助詞-係助詞			
、			、	補助記号-読点			
Arm	Arm	Arm	Arm	名詞-普通名詞-一般			0
プロセッサ	プロセッサ	プロセッサー	プロセッサー-processor	名詞-普通名詞-一般			3
で	デ	デ	で	助詞-格助詞			
動作	ドーサ	ドウサ	動作	名詞-普通名詞-サ変可能			1,0
する	スル	スル	為る	動詞-非自立可能	サ行変格	連体形-一般	0
Copilot	Copilot	Copilot	Copilot	名詞-普通名詞-一般			0
+			＋	補助記号-一般			
PC	PC	PC	PC	名詞-普通名詞-一般			0
で	デ	デ	で	助詞-格助詞			
動作	ドーサ	ドウサ	動作	名詞-普通名詞-サ変可能			1,0
する	スル	スル	為る	動詞-非自立可能	サ行変格	連体形-一般	0
ツール	ツール	ツール	ツール-tool	名詞-普通名詞-一般			1
で	デ	デ	で	助詞-格助詞			
、			、	補助記号-読点			
データベース	データベース	データーベース	データーベース-database	名詞-普通名詞-一般			4
と	ト	ト	と	助詞-格助詞			
スクリーン	スクリーン	スクリーン	スクリーン-screen	名詞-普通名詞-一般			3
ショット	ショット	ショット	ショット-shot	名詞-普通名詞-一般			1
を	オ	ヲ	を	助詞-格助詞			
コピー	コピー	コピー	コピー-copy	名詞-普通名詞-サ変可能			1
し	シ	スル	為る	動詞-非自立可能	サ行変格	連用形-一般	0
、			、	補助記号-読点			
データベース	データベース	データーベース	データーベース-database	名詞-普通名詞-一般			4
を	オ	ヲ	を	助詞-格助詞			
解析	カイセキ	カイセキ	解析	名詞-普通名詞-サ変可能			0
し	シ	スル	為る	動詞-非自立可能	サ行変格	連用形-一般	0
た	タ	タ	た	助動詞	助動詞-タ	連体形-一般	
上	ウエ	ウエ	上	名詞-普通名詞-副詞可能			0,2
で	デ	デ	で	助詞-格助詞			
、			、	補助記号-読点			
日付	ヒズケ	ヒヅケ	日付け	名詞-普通名詞-一般			0
や	ヤ	ヤ	や	助詞-副助詞			
文字	モジ	モジ	文字	名詞-普通名詞-一般			1
列	レツ	レツ	列	名詞-普通名詞-一般			1
で	デ	デ	で	助詞-格助詞			
データ	データ	データ	データ-data	名詞-普通名詞-一般			1,0
を	オ	ヲ	を	助詞-格助詞			
検索	ケンサク	ケンサク	検索	名詞-普通名詞-サ変可能			0
する	スル	スル	為る	動詞-非自立可能	サ行変格	連体形-一般	0
こと	コト	コト	事	名詞-普通名詞-一般			2
が	ガ	ガ	が	助詞-格助詞			
でき	デキ	デキル	出来る	動詞-非自立可能	上一段-カ行	連用形-一般	2
ます	マス	マス	ます	助動詞	助動詞-マス	終止形-一般	
。			。	補助記号-句点			
検索	ケンサク	ケンサク	検索	名詞-普通名詞-サ変可能			0
は	ワ	ハ	は	助詞-係助詞			
OCR	OCR	OCR	OCR	名詞-普通名詞-一般			0
機能	キノー	キノウ	機能	名詞-普通名詞-サ変可能			1
を	オ	ヲ	を	助詞-格助詞			
利用	リヨー	リヨウ	利用	名詞-普通名詞-サ変可能			0
する	スル	スル	為る	動詞-非自立可能	サ行変格	連体形-一般	0
ため	タメ	タメ	為	名詞-普通名詞-副詞可能			2
、			、	補助記号-読点			
画像	ガゾー	ガゾウ	画像	名詞-普通名詞-一般			0
内	ナイ	ナイ	内	接尾辞-名詞的-一般			
に	ニ	ニ	に	助詞-格助詞			
文字	モジ	モジ	文字	名詞-普通名詞-一般			1
列	レツ	レツ	列	名詞-普通名詞-一般			1
が	ガ	ガ	が	助詞-格助詞			
含ま	フクマ	フクム	含む	動詞-一般	五段-マ行	未然形-一般	2
れる	レル	レル	れる	助動詞	助動詞-レル	連体形-一般	
場合	バアイ	バアイ	場合	名詞-普通名詞-副詞可能			0
で	デ	デ	で	助詞-格助詞			
も	モ	モ	も	助詞-係助詞			
検索	ケンサク	ケンサク	検索	名詞-普通名詞-サ変可能			0
する	スル	スル	為る	動詞-非自立可能	サ行変格	連体形-一般	0
こと	コト	コト	事	名詞-普通名詞-一般			2
が	ガ	ガ	が	助詞-格助詞			
可能	カノー	カノウ	可能	形状詞-一般			0
。			。	補助記号-句点			
また	マタ	マタ	又	接続詞			0
、			、	補助記号-読点			
TotalRecall	TotalRecall	TotalRecall	TotalRecall	名詞-普通名詞-一般			0
は	ワ	ハ	は	助詞-係助詞			
キャプチャ	キャプチャ	キャプチャー	キャプチャー-capture	名詞-普通名詞-サ変可能			0
さ	サ	スル	為る	動詞-非自立可能	サ行変格	未然形-サ	0
れ	レ	レル	れる	助動詞	助動詞-レル	連用形-一般	
た	タ	タ	た	助動詞	助動詞-タ	連体形-一般	
ウィンドウ	ウィンドー	ウインドー	ウインドー-window	名詞-普通名詞-一般			0,1
や	ヤ	ヤ	や	助詞-副助詞			
画像	ガゾー	ガゾウ	画像	名詞-普通名詞-一般			0
の	ノ	ノ	の	助詞-格助詞			
数	カズ	カズ	数	名詞-普通名詞-一般			1
など	ナド	ナド	など	助詞-副助詞			
、			、	補助記号-読点			
抽出	チューシュツ	チュウシュツ	抽出	名詞-普通名詞-サ変可能			0
さ	サ	スル	為る	動詞-非自立可能	サ行変格	未然形-サ	0
れ	レ	レル	れる	助動詞	助動詞-レル	連用形-一般	
た	タ	タ	た	助動詞	助動詞-タ	連体形-一般	
データ	データ	データ	データ-data	名詞-普通名詞-一般			1,0
の	ノ	ノ	の	助詞-格助詞			
概要	ガイヨー	ガイヨウ	概要	名詞-普通名詞-一般			0
も	モ	モ	も	助詞-係助詞			
生成	セーセー	セイセイ	生成	名詞-普通名詞-サ変可能			0
し	シ	スル	為る	動詞-非自立可能	サ行変格	連用形-一般	0
て	テ	テ	て	助詞-接続助詞			
くれる	クレル	クレル	呉れる	動詞-非自立可能	下一段-ラ行	終止形-一般	0
と	ト	ト	と	助詞-格助詞			
の	ノ	ノ	の	助詞-格助詞			
こと	コト	コト	事	名詞-普通名詞-一般			2
。			。	補助記号-句点			
さらに	サラニ	サラニ	更に	接続詞			1
、			、	補助記号-読点			
キャプチャ	キャプチャ	キャプチャー	キャプチャー-capture	名詞-普通名詞-サ変可能			0
さ	サ	スル	為る	動詞-非自立可能	サ行変格	未然形-サ	0
れ	レ	レル	れる	助動詞	助動詞-レル	連用形-一般	
た	タ	タ	た	助動詞	助動詞-タ	連体形-一般	
すべて	スベテ	スベテ	全て	名詞-普通名詞-副詞可能			1
の	ノ	ノ	の	助詞-格助詞			
データ	データ	データ	データ-data	名詞-普通名詞-一般			1,0
と	ト	ト	と	助詞-格助詞			
検索	ケンサク	ケンサク	検索	名詞-普通名詞-サ変可能			0
結果	ケッカ	ケッカ	結果	名詞-普通名詞-副詞可能			0,1
を	オ	ヲ	を	助詞-格助詞			
リスト	リスト	リスト	リスト-list	名詞-普通名詞-サ変可能			1
アップ	アップ	アップ	アップ-up	名詞-普通名詞-サ変可能			1
し	シ	スル	為る	動詞-非自立可能	サ行変格	連用形-一般	0
た	タ	タ	た	助動詞	助動詞-タ	連体形-一般	
詳細	ショーサイ	ショウサイ	詳細	名詞-普通名詞-形状詞可能			0
な	ナ	ダ	だ	助動詞	助動詞-ダ	連体形-一般	
レポート	レポート	レポート	レポート-report	名詞-普通名詞-サ変可能			2
を	オ	ヲ	を	助詞-格助詞			
テキスト	テキスト	テキスト	テキスト-text	名詞-普通名詞-一般			1,2
ファイル	ファイル	ファイル	ファイル-file	名詞-普通名詞-サ変可能			1
で	デ	デ	で	助詞-格助詞			
作成	サクセー	サクセイ	作成	名詞-普通名詞-サ変可能			0
し	シ	スル	為る	動詞-非自立可能	サ行変格	連用形-一般	0
て	テ	テ	て	助詞-接続助詞			
くれ	クレ	クレル	呉れる	動詞-非自立可能	下一段-ラ行	連用形-一般	0
ます	マス	マス	ます	助動詞	助動詞-マス	終止形-一般	
。			。	補助記号-句点			
ハーゲナ	ハーゲナ	ハーゲナ	ハーゲナ	名詞-固有名詞-人名-一般			0
氏	シ	シ	氏	接尾辞-名詞的-一般			
に	ニ	ニ	に	助詞-格助詞			
よれ	ヨレ	ヨル	因る	動詞-一般	五段-ラ行	仮定形-一般	0
ば	バ	バ	ば	助詞-接続助詞			
、			、	補助記号-読点			
Recall	Recall	Recall	Recall	名詞-普通名詞-一般			0
に	ニ	ニ	に	助詞-格助詞			
よっ	ヨッ	ヨル	因る	動詞-一般	五段-ラ行	連用形-促音便	0
て	テ	テ	て	助詞-接続助詞			
処理	ショリ	ショリ	処理	名詞-普通名詞-サ変可能			1
さ	サ	スル	為る	動詞-非自立可能	サ行変格	未然形-サ	0
れ	レ	レル	れる	助動詞	助動詞-レル	連用形-一般	
た	タ	タ	た	助動詞	助動詞-タ	連体形-一般	
データ	データ	データ	データ-data	名詞-普通名詞-一般			1,0
は	ワ	ハ	は	助詞-係助詞			
暗号	アンゴー	アンゴウ	暗号	名詞-普通名詞-一般			0
化	カ	カ	化	接尾辞-名詞的-サ変可能			
さ	サ	スル	為る	動詞-非自立可能	サ行変格	未然形-サ	0
れる	レル	レル	れる	助動詞	助動詞-レル	連体形-一般	
もの	モノ	モノ	物	名詞-普通名詞-サ変可能			2,0
の	ノ	ノ	の	助詞-格助詞			
、			、	補助記号-読点			
PC	PC	PC	PC	名詞-普通名詞-一般			0
に	ニ	ニ	に	助詞-格助詞			
ログ	ログ	ログ	ログ-log	名詞-普通名詞-一般			1
イン	イン	イン	イン-in	名詞-普通名詞-一般			1
し	シ	スル	為る	動詞-非自立可能	サ行変格	連用形-一般	0
て	テ	テ	て	助詞-接続助詞			
Recall	Recall	Recall	Recall	名詞-普通名詞-一般			0
の	ノ	ノ	の	助詞-格助詞			
アプリ	アプリ	アプリ	アプリ-application	名詞-普通名詞-一般			1
を	オ	ヲ	を	助詞-格助詞			
実行	ジッコー	ジッコウ	実行	名詞-普通名詞-サ変可能			0
する	スル	スル	為る	動詞-非自立可能	サ行変格	終止形-一般	0
と	ト	ト	と	助詞-接続助詞			
、			、	補助記号-読点			
自動	ジドー	ジドウ	自動	名詞-普通名詞-一般			0
的	テキ	テキ	的	接尾辞-形状詞的			
に	ニ	ダ	だ	助動詞	助動詞-ダ	連用形-ニ	
復号	フクゴー	フクゴウ	復号	名詞-普通名詞-サ変可能			0
化	カ	カ	化	接尾辞-名詞的-サ変可能			
さ	サ	スル	為る	動詞-非自立可能	サ行変格	未然形-サ	0
れる	レル	レル	れる	助動詞	助動詞-レル	終止形-一般	
と	ト	ト	と	助詞-格助詞			
の	ノ	ノ	の	助詞-格助詞			
こと	コト	コト	事	名詞-普通名詞-一般			2
。			。	補助記号-句点			
その	ソノ	ソノ	其の	連体詞			0
ため	タメ	タメ	為	名詞-普通名詞-副詞可能			2
、			、	補助記号-読点			
ユーザー	ユーザー	ユーザー	ユーザー-user	名詞-普通名詞-一般			1
名	メー	メイ	名	名詞-普通名詞-助数詞可能			1
と	ト	ト	と	助詞-格助詞			
パスワード	パスワード	パスワード	パスワード	名詞-普通名詞-一般			3
を	オ	ヲ	を	助詞-格助詞			
自動	ジドー	ジドウ	自動	名詞-普通名詞-一般			0
的	テキ	テキ	的	接尾辞-形状詞的			
に	ニ	ダ	だ	助動詞	助動詞-ダ	連用形-ニ	
盗む	ヌスム	ヌスム	盗む	動詞-一般	五段-マ行	連体形-一般	2
よう	ヨー	ヨウ	様	形状詞-助動詞語幹			1
な	ナ	ダ	だ	助動詞	助動詞-ダ	連体形-一般	
トロイ	トロイ	トロイ	トロイ-Troy	名詞-固有名詞-地名-一般			1
の	ノ	ノ	の	助詞-格助詞			
木馬	モクバ	モクバ	木馬	名詞-普通名詞-一般			1,0
を	オ	ヲ	を	助詞-格助詞			
改造	カイゾー	カイゾウ	改造	名詞-普通名詞-サ変可能			0
し	シ	スル	為る	動詞-非自立可能	サ行変格	連用形-一般	0
て	テ	テ	て	助詞-接続助詞			
Recall	Recall	Recall	Recall	名詞-普通名詞-一般			0
に	ニ	ニ	に	助詞-格助詞			
対応	タイオー	タイオウ	対応	名詞-普通名詞-サ変可能			0
する	スル	スル	為る	動詞-非自立可能	サ行変格	連体形-一般	0
よう	ヨー	ヨウ	様	形状詞-助動詞語幹			1
に	ニ	ダ	だ	助動詞	助動詞-ダ	連用形-ニ	
すれ	スレ	スル	為る	動詞-非自立可能	サ行変格	仮定形-一般	0
ば	バ	バ	ば	助詞-接続助詞			
、			、	補助記号-読点			
簡単	カンタン	カンタン	簡単	形状詞-一般			0
に	ニ	ダ	だ	助動詞	助動詞-ダ	連用形-ニ	
アクセス	アクセス	アクセス	アクセス-access	名詞-普通名詞-サ変可能			1
でき	デキ	デキル	出来る	動詞-非自立可能	上一段-カ行	連用形-一般	2
て	テ	テ	て	助詞-接続助詞			
しまう	シマウ	シマウ	仕舞う	動詞-非自立可能	五段-ワア行	終止形-一般	0
と	ト	ト	と	助詞-接続助詞			
ハーゲナ	ハーゲナ	ハーゲナ	ハーゲナ	名詞-固有名詞-人名-一般			0
氏	シ	シ	氏	接尾辞-名詞的-一般			
は	ワ	ハ	は	助詞-係助詞			
指摘	シテキ	シテキ	指摘	名詞-普通名詞-サ変可能			0
し	シ	スル	為る	動詞-非自立可能	サ行変格	連用形-一般	0
て	テ	テ	て	助詞-接続助詞			
い	イ	イル	居る	動詞-非自立可能	上一段-ア行	連用形-一般	0
ます	マス	マス	ます	助動詞	助動詞-マス	終止形-一般	
。			。	補助記号-句点			
Microsoft	Microsoft	Microsoft	Microsoft	名詞-普通名詞-一般			0
は	ワ	ハ	は	助詞-係助詞			
「			「	補助記号-括弧開			
Recall	Recall	Recall	Recall	名詞-普通名詞-一般			0
の	ノ	ノ	の	助詞-格助詞			
データ	データ	データ	データ-data	名詞-普通名詞-一般			1,0
に	ニ	ニ	に	助詞-格助詞			
アクセス	アクセス	アクセス	アクセス-access	名詞-普通名詞-サ変可能			1
できる	デキル	デキル	出来る	動詞-非自立可能	上一段-カ行	連体形-一般	2
の	ノ	ノ	の	助詞-準体助詞			
は	ワ	ハ	は	助詞-係助詞			
該当	ガイトー	ガイトウ	該当	名詞-普通名詞-サ変可能			0
する	スル	スル	為る	動詞-非自立可能	サ行変格	連体形-一般	0
ユーザー	ユーザー	ユーザー	ユーザー-user	名詞-普通名詞-一般			1
のみ	ノミ	ノミ	のみ	助詞-副助詞			
」			」	補助記号-括弧閉			
と	ト	ト	と	助詞-格助詞			
述べ	ノベ	ノベル	述べる	動詞-一般	下一段-バ行	連用形-一般	2
て	テ	テ	て	助詞-接続助詞			
い	イ	イル	居る	動詞-非自立可能	上一段-ア行	連用形-一般	0
ます	マス	マス	ます	助動詞	助動詞-マス	終止形-一般	
が	ガ	ガ	が	助詞-接続助詞			
、			、	補助記号-読点			
ハーゲナ	ハーゲナ	ハーゲナ	ハーゲナ	名詞-固有名詞-人名-一般			0
氏	シ	シ	氏	接尾辞-名詞的-一般			
は	ワ	ハ	は	助詞-係助詞			
同じ	オナジ	オナジ	同じ	連体詞			0
デバイス	デバイス	デバイス	デバイス-device	名詞-普通名詞-一般			2,0
上	ジョー	ジョウ	上	接尾辞-名詞的-副詞可能			
の	ノ	ノ	の	助詞-格助詞			
別	ベツ	ベツ	別	名詞-普通名詞-形状詞可能			0
の	ノ	ノ	の	助詞-格助詞			
ユーザー	ユーザー	ユーザー	ユーザー-user	名詞-普通名詞-一般			1
アカウント	アカウント	アカウント	アカウント-account	名詞-普通名詞-一般			2,0
が	ガ	ガ	が	助詞-格助詞			
データベース	データベース	データーベース	データーベース-database	名詞-普通名詞-一般			4
に	ニ	ニ	に	助詞-格助詞			
アクセス	アクセス	アクセス	アクセス-access	名詞-普通名詞-サ変可能			1
する	スル	スル	為る	動詞-非自立可能	サ行変格	連体形-一般	0
こと	コト	コト	事	名詞-普通名詞-一般			2
は	ワ	ハ	は	助詞-係助詞			
実証	ジッショー	ジッショウ	実証	名詞-普通名詞-サ変可能			0
可能	カノー	カノウ	可能	形状詞-一般			0
だ	ダ	ダ	だ	助動詞	助動詞-ダ	終止形-一般	
と	ト	ト	と	助詞-格助詞			
し	シ	スル	為る	動詞-非自立可能	サ行変格	連用形-一般	0
て	テ	テ	て	助詞-接続助詞			
い	イ	イル	居る	動詞-非自立可能	上一段-ア行	連用形-一般	0
ます	マス	マス	ます	助動詞	助動詞-マス	終止形-一般	
。			。	補助記号-句点			
さらに	サラニ	サラニ	更に	接続詞			1
ハーゲナ	ハーゲナ	ハーゲナ	ハーゲナ	名詞-固有名詞-人名-一般			0
氏	シ	シ	氏	接尾辞-名詞的-一般			
は	ワ	ハ	は	助詞-係助詞			
、			、	補助記号-読点			
データ	データ	データ	データ-data	名詞-普通名詞-一般			1,0
の	ノ	ノ	の	助詞-格助詞			
抽出	チューシュツ	チュウシュツ	抽出	名詞-普通名詞-サ変可能			0
を	オ	ヲ	を	助詞-格助詞			
自動	ジドー	ジドウ	自動	名詞-普通名詞-一般			0
化	カ	カ	化	接尾辞-名詞的-サ変可能			
し	シ	スル	為る	動詞-非自立可能	サ行変格	連用形-一般	0
、			、	補助記号-読点			
データベース	データベース	データーベース	データーベース-database	名詞-普通名詞-一般			4
を	オ	ヲ	を	助詞-格助詞			
オン	オン	オン	オン-on	名詞-普通名詞-サ変可能			1
ライン	ライン	ライン	ライン-line	名詞-普通名詞-一般			1
に	ニ	ニ	に	助詞-格助詞			
アップロード	アップロード	アップロード	アップロード-upload	名詞-普通名詞-サ変可能			4
し	シ	スル	為る	動詞-非自立可能	サ行変格	連用形-一般	0
て	テ	テ	て	助詞-接続助詞			
即座	ソクザ	ソクザ	即座	名詞-普通名詞-一般			1
に	ニ	ニ	に	助詞-格助詞			
検索	ケンサク	ケンサク	検索	名詞-普通名詞-サ変可能			0
できる	デキル	デキル	出来る	動詞-非自立可能	上一段-カ行	連体形-一般	2
よう	ヨー	ヨウ	様	形状詞-助動詞語幹			1
な	ナ	ダ	だ	助動詞	助動詞-ダ	連体形-一般	
ウェブサイト	ウェブサイト	ウェブサイト	ウェブサイト-website	名詞-普通名詞-一般			3
も	モ	モ	も	助詞-係助詞			
構築	コーチク	コウチク	構築	名詞-普通名詞-サ変可能			0
し	シ	スル	為る	動詞-非自立可能	サ行変格	連用形-一般	0
た	タ	タ	た	助動詞	助動詞-タ	終止形-一般	
と	ト	ト	と	助詞-格助詞			
主張	シュチョー	シュチョウ	主張	名詞-普通名詞-サ変可能			0
し	シ	スル	為る	動詞-非自立可能	サ行変格	連用形-一般	0
て	テ	テ	て	助詞-接続助詞			
い	イ	イル	居る	動詞-非自立可能	上一段-ア行	連用形-一般	0
ます	マス	マス	ます	助動詞	助動詞-マス	終止形-一般	
が	ガ	ガ	が	助詞-接続助詞			
、			、	補助記号-読点			
詳細	ショーサイ	ショウサイ	詳細	名詞-普通名詞-形状詞可能			0
に	ニ	ダ	だ	助動詞	助動詞-ダ	連用形-ニ	
つい	ツイ	ツク	つく	動詞-一般	五段-カ行	連用形-イ音便	1,2
て	テ	テ	て	助詞-接続助詞			
は	ワ	ハ	は	助詞-係助詞			
Microsoft	Microsoft	Microsoft	Microsoft	名詞-普通名詞-一般			0
に	ニ	ニ	に	助詞-格助詞			
報告	ホーコク	ホウコク	報告	名詞-普通名詞-サ変可能			0
し	シ	スル	為る	動詞-非自立可能	サ行変格	連用形-一般	0
て	テ	テ	て	助詞-接続助詞			
から	カラ	カラ	から	助詞-格助詞			
と	ト	ト	と	助詞-格助詞			
述べ	ノベ	ノベル	述べる	動詞-一般	下一段-バ行	連用形-一般	2
まし	マシ	マス	ます	助動詞	助動詞-マス	連用形-一般	
た	タ	タ	た	助動詞	助動詞-タ	終止形-一般	
。			。	補助記号-句点			
EOS
2024	2024	2024	2024	名詞-数詞			0
年	ネン	ネン	年	名詞-普通名詞-助数詞可能			1
06	06	06	06	名詞-数詞			0
月	ガツ	ガツ	月	名詞-普通名詞-助数詞可能			1
06	06	06	06	名詞-数詞			0
日	カ	カ	日	接尾辞-名詞的-助数詞			
14	14	14	14	名詞-数詞			0
時	ジ	ジ	時	名詞-普通名詞-助数詞可能			1
00	00	00	00	名詞-数詞			0
分	フン	フン	分	名詞-普通名詞-助数詞可能			1
ソフトウェア	ソフトウェア	ソフトウェア	ソフトウェア-software	名詞-普通名詞-一般			4
Microsoft	Microsoft	Microsoft	Microsoft	名詞-普通名詞-一般			0
が	ガ	ガ	が	助詞-格助詞			
10	10	10	10	名詞-数詞			0
日間	カカン	カカン	日間	名詞-普通名詞-助数詞可能			1
の	ノ	ノ	の	助詞-格助詞			
世界	セカイ	セカイ	世界	名詞-普通名詞-一般			1,2
の	ノ	ノ	の	助詞-格助詞			
天気	テンキ	テンキ	天気	名詞-普通名詞-一般			1
と	ト	ト	と	助詞-格助詞			
大気	タイキ	タイキ	大気	名詞-普通名詞-一般			1
汚染	オセン	オセン	汚染	名詞-普通名詞-サ変可能			0
を	オ	ヲ	を	助詞-格助詞			
たっ	タッ	タツ	経つ	動詞-一般	五段-タ行	連用形-促音便	1
た	タ	タ	た	助動詞	助動詞-タ	連体形-一般	
1	1	1	1	名詞-数詞			0
分	ブン	ブン	分	名詞-普通名詞-副詞可能			1
で	デ	デ	で	助詞-格助詞			
予測	ヨソク	ヨソク	予測	名詞-普通名詞-サ変可能			0
する	スル	スル	為る	動詞-非自立可能	サ行変格	連体形-一般	0
超	チョー	チョウ	超	接頭辞			
高速	コーソク	コウソク	高速	名詞-普通名詞-形状詞可能			0
AI	AI	AI	AI	名詞-普通名詞-一般			0
「			「	補助記号-括弧開			
Aurora	Aurora	Aurora	Aurora	名詞-普通名詞-一般			0
」			」	補助記号-括弧閉			
を	オ	ヲ	を	助詞-格助詞			
発表	ハッピョー	ハッピョウ	発表	名詞-普通名詞-サ変可能			0
AI	AI	AI	AI	名詞-普通名詞-一般			0
の	ノ	ノ	の	助詞-格助詞			
発達	ハッタツ	ハッタツ	発達	名詞-普通名詞-サ変可能			0
に	ニ	ニ	に	助詞-格助詞			
より	ヨリ	ヨル	因る	動詞-一般	五段-ラ行	連用形-一般	0
、			、	補助記号-読点			
かつて	カツテ	カツテ	嘗て	副詞			1
は	ワ	ハ	は	助詞-係助詞			
スーパーコンピューター	スーパーコンピューター	スーパーコンピューター	スーパーコンピューター-supercomputer	名詞-普通名詞-一般			7
を	オ	ヲ	を	助詞-格助詞			
長	チョー	チョウ	長	接頭辞			
時間	ジカン	ジカン	時間	名詞-普通名詞-助数詞可能			0
稼働	カドー	カドウ	稼働	名詞-普通名詞-サ変可能			0
さ	サ	スル	為る	動詞-非自立可能	サ行変格	未然形-サ	0
せ	セ	セル	せる	助動詞	下一段-サ行	連用形-一般	
て	テ	テ	て	助詞-接続助詞			
行っ	イッ	イク	行く	動詞-非自立可能	五段-カ行	連用形-促音便	0
て	テ	テ	て	助詞-接続助詞			
き	キ	クル	来る	動詞-非自立可能	カ行変格	連用形-一般	1
た	タ	タ	た	助動詞	助動詞-タ	連体形-一般	
天気	テンキ	テンキ	天気	名詞-普通名詞-一般			1
予報	ヨホー	ヨホウ	予報	名詞-普通名詞-サ変可能			0
が	ガ	ガ	が	助詞-格助詞			
、			、	補助記号-読点			
短	タン	タン	短	接頭辞			
時間	ジカン	ジカン	時間	名詞-普通名詞-助数詞可能			0
かつ	カツ	カツ	且つ	接続詞			1
高	コー	コウ	高	接頭辞			
精度	セード	セイド	精度	名詞-普通名詞-一般			1
で	デ	デ	で	助詞-格助詞			
行える	オコナエル	オコナウ	行う	動詞-一般	下一段-ア行	連体形-一般	0
よう	ヨー	ヨウ	様	形状詞-助動詞語幹			1
に	ニ	ダ	だ	助動詞	助動詞-ダ	連用形-ニ	
なり	ナリ	ナル	成る	動詞-非自立可能	五段-ラ行	連用形-一般	1
つつ	ツツ	ツツ	つつ	助詞-接続助詞			
あり	アリ	アル	有る	動詞-非自立可能	五段-ラ行	連用形-一般	1
ます	マス	マス	ます	助動詞	助動詞-マス	終止形-一般	
。			。	補助記号-句点			
そんな	ソンナ	ソンナ	そんな	連体詞			0
中	ナカ	ナカ	中	名詞-普通名詞-副詞可能			1
、			、	補助記号-読点			
Microsoft	Microsoft	Microsoft	Microsoft	名詞-普通名詞-一般			0
が	ガ	ガ	が	助詞-格助詞			
天気	テンキ	テンキ	天気	名詞-普通名詞-一般			1
予報	ヨホー	ヨホウ	予報	名詞-普通名詞-サ変可能			0
と	ト	ト	と	助詞-格助詞			
同時	ドージ	ドウジ	同時	名詞-普通名詞-一般			0,1
に	ニ	ニ	に	助詞-格助詞			
大気	タイキ	タイキ	大気	名詞-普通名詞-一般			1
汚染	オセン	オセン	汚染	名詞-普通名詞-サ変可能			0
を	オ	ヲ	を	助詞-格助詞			
瞬時	シュンジ	シュンジ	瞬時	名詞-普通名詞-副詞可能			1
に	ニ	ニ	に	助詞-格助詞			
予測	ヨソク	ヨソク	予測	名詞-普通名詞-サ変可能			0
できる	デキル	デキル	出来る	動詞-非自立可能	上一段-カ行	連体形-一般	2
AI	AI	AI	AI	名詞-普通名詞-一般			0
モデル	モデル	モデル	モデル-model	名詞-普通名詞-一般			0,1
「			「	補助記号-括弧開			
Aurora	Aurora	Aurora	Aurora	名詞-普通名詞-一般			0
」			」	補助記号-括弧閉			
を	オ	ヲ	を	助詞-格助詞			
発表	ハッピョー	ハッピョウ	発表	名詞-普通名詞-サ変可能			0
し	シ	スル	為る	動詞-非自立可能	サ行変格	連用形-一般	0
まし	マシ	マス	ます	助動詞	助動詞-マス	連用形-一般	
た	タ	タ	た	助動詞	助動詞-タ	終止形-一般	
。			。	補助記号-句点			
Introducing	Introducing	Introducing	Introducing	名詞-普通名詞-一般			0
Aurora	Aurora	Aurora	Aurora	名詞-普通名詞-一般			0
:			：	補助記号-一般			
The	The	The	The	名詞-普通名詞-一般			0
first	first	first	first	名詞-普通名詞-一般			0
large	large	large	large	名詞-普通名詞-一般			0
-	-	-	-	記号-一般			0
scale	scale	scale	scale	名詞-普通名詞-一般			0
foundation	foundation	foundation	foundation	名詞-普通名詞-一般			0
model	model	model	model	名詞-普通名詞-一般			0
of	of	of	of	名詞-普通名詞-一般			0
the	the	the	the	名詞-普通名詞-一般			0
atmosphere	atmosphere	atmosphere	atmosphere	名詞-普通名詞-一般			0
-	-	-	-	記号-一般			0
Microsoft	Microsoft	Microsoft	Microsoft	名詞-普通名詞-一般			0
Research	Research	Research	Research	名詞-普通名詞-一般			0
https	https	https	https	名詞-普通名詞-一般			0
:			：	補助記号-一般			
/			／	補助記号-一般			
/			／	補助記号-一般			
www	www	www	www	名詞-普通名詞-一般			0
.			．	補助記号-句点			
microsoft	microsoft	microsoft	microsoft	名詞-普通名詞-一般			0
.			．	補助記号-句点			
com	com	com	com	名詞-普通名詞-一般			0
/			／	補助記号-一般			
en	en	en	en	名詞-普通名詞-一般			0
-	-	-	-	記号-一般			0
us	us	us	us	名詞-普通名詞-一般			0
/			／	補助記号-一般			
research	research	research	research	名詞-普通名詞-一般			0
/			／	補助記号-一般			
blog	blog	blog	blog	名詞-普通名詞-一般			0
/			／	補助記号-一般			
introducing	introducing	introducing	introducing	名詞-普通名詞-一般			0
-	-	-	-	記号-一般			0
aurora	aurora	aurora	aurora	名詞-普通名詞-一般			0
-	-	-	-	記号-一般			0
the	the	the	the	名詞-普通名詞-一般			0
-	-	-	-	記号-一般			0
first	first	first	first	名詞-普通名詞-一般			0
-	-	-	-	記号-一般			0
large	large	large	large	名詞-普通名詞-一般			0
-	-	-	-	記号-一般			0
scale	scale	scale	scale	名詞-普通名詞-一般			0
-	-	-	-	記号-一般			0
foundation	foundation	foundation	foundation	名詞-普通名詞-一般			0
-	-	-	-	記号-一般			0
model	model	model	model	名詞-普通名詞-一般			0
-	-	-	-	記号-一般			0
of	of	of	of	名詞-普通名詞-一般			0
-	-	-	-	記号-一般			0
the	the	the	the	名詞-普通名詞-一般			0
-	-	-	-	記号-一般			0
atmosphere	atmosphere	atmosphere	atmosphere	名詞-普通名詞-一般			0
/			／	補助記号-一般			
Superfast	Superfast	Superfast	Superfast	名詞-普通名詞-一般			0
Microsoft	Microsoft	Microsoft	Microsoft	名詞-普通名詞-一般			0
AI	AI	AI	AI	名詞-普通名詞-一般			0
is	is	is	is	名詞-普通名詞-一般			0
first	first	first	first	名詞-普通名詞-一般			0
to	to	to	to	名詞-普通名詞-一般			0
predict	predict	predict	predict	名詞-普通名詞-一般			0
air	air	air	air	名詞-普通名詞-一般			0
pollution	pollution	pollution	pollution	名詞-普通名詞-一般			0
for	for	for	for	名詞-普通名詞-一般			0
the	the	the	the	名詞-普通名詞-一般			0
whole	whole	whole	whole	名詞-普通名詞-一般			0
world	world	world	world	名詞-普通名詞-一般			0
https	https	https	https	名詞-普通名詞-一般			0
:			：	補助記号-一般			
/			／	補助記号-一般			
/			／	補助記号-一般			
www	www	www	www	名詞-普通名詞-一般			0
.			．	補助記号-句点			
nature	nature	nature	nature	名詞-普通名詞-一般			0
.			．	補助記号-句点			
com	com	com	com	名詞-普通名詞-一般			0
/			／	補助記号-一般			
articles	articles	articles	articles	名詞-普通名詞-一般			0
/			／	補助記号-一般			
d	d	d	d	名詞-普通名詞-一般			0
41586	41586	41586	41586	名詞-数詞			0
-	-	-	-	記号-一般			0
024	024	024	024	名詞-数詞			0
-	-	-	-	記号-一般			0
01677	01677	01677	01677	名詞-数詞			0
-	-	-	-	記号-一般			0
2	2	2	2	名詞-数詞			0
2023	2023	2023	2023	名詞-数詞			0
年	ネン	ネン	年	名詞-普通名詞-助数詞可能			1
11	11	11	11	名詞-数詞			0
月	ガツ	ガツ	月	名詞-普通名詞-助数詞可能			1
に	ニ	ニ	に	助詞-格助詞			
ヨーロッパ	ヨーロッパ	ヨーロッパ	ヨーロッパ-Europa	名詞-固有名詞-地名-一般			3
を	オ	ヲ	を	助詞-格助詞			
襲っ	オソッ	オソウ	襲う	動詞-一般	五段-ワア行	連用形-促音便	0,2
た	タ	タ	た	助動詞	助動詞-タ	連体形-一般	
爆弾	バクダン	バクダン	爆弾	名詞-普通名詞-一般			0
低	テー	テイ	低	接頭辞			
気圧	キアツ	キアツ	気圧	名詞-普通名詞-一般			0
「			「	補助記号-括弧開			
キ	キ	キ	キ	記号-一般			1
ア	ア	ア	ア	記号-一般			1
ラン	ラン	ラン	ラン-run	名詞-普通名詞-サ変可能			1
」			」	補助記号-括弧閉			
の	ノ	ノ	の	助詞-格助詞			
想定	ソーテー	ソウテイ	想定	名詞-普通名詞-サ変可能			0
外	ガイ	ガイ	外	接尾辞-名詞的-一般			
の	ノ	ノ	の	助詞-格助詞			
破壊	ハカイ	ハカイ	破壊	名詞-普通名詞-サ変可能			0
力	リョク	リョク	力	接尾辞-名詞的-一般			
は	ワ	ハ	は	助詞-係助詞			
、			、	補助記号-読点			
イギリス	イギリス	イギリス	イギリス-Inglez	名詞-固有名詞-地名-国			0
や	ヤ	ヤ	や	助詞-副助詞			
フランス	フランス	フランス	フランス-France	名詞-固有名詞-地名-国			0
を	オ	ヲ	を	助詞-格助詞			
中心	チューシン	チュウシン	中心	名詞-普通名詞-一般			0
と	ト	ト	と	助詞-格助詞			
し	シ	スル	為る	動詞-非自立可能	サ行変格	連用形-一般	0
た	タ	タ	た	助動詞	助動詞-タ	連体形-一般	
地域	チイキ	チイキ	地域	名詞-普通名詞-一般			1
に	ニ	ニ	に	助詞-格助詞			
深い	フカイ	フカイ	深い	形容詞-一般	形容詞	連体形-一般	2
爪痕	ツメアト	ツメアト	爪痕	名詞-普通名詞-一般			0
を	オ	ヲ	を	助詞-格助詞			
残す	ノコス	ノコス	残す	動詞-一般	五段-サ行	終止形-一般	2
と	ト	ト	と	助詞-格助詞			
とも	トモ	トモ	共	名詞-普通名詞-一般			0,1
に	ニ	ニ	に	助詞-格助詞			
、			、	補助記号-読点			
既存	キソン	キソン	既存	名詞-普通名詞-サ変可能			0
の	ノ	ノ	の	助詞-格助詞			
気象	キショー	キショウ	気象	名詞-普通名詞-一般			0
予測	ヨソク	ヨソク	予測	名詞-普通名詞-サ変可能			0
モデル	モデル	モデル	モデル-model	名詞-普通名詞-一般			0,1
の	ノ	ノ	の	助詞-格助詞			
限界	ゲンカイ	ゲンカイ	限界	名詞-普通名詞-一般			0
を	オ	ヲ	を	助詞-格助詞			
突きつけ	ツキツケ	ツキツケル	突き付ける	動詞-一般	下一段-カ行	連用形-一般	4
まし	マシ	マス	ます	助動詞	助動詞-マス	連用形-一般	
た	タ	タ	た	助動詞	助動詞-タ	終止形-一般	
。			。	補助記号-句点			
by	by	by	by	名詞-普通名詞-一般			0
Xfigpower	Xfigpower	Xfigpower	Xfigpower	名詞-普通名詞-一般			0
この	コノ	コノ	此の	連体詞			0
よう	ヨー	ヨウ	様	形状詞-助動詞語幹			1
な	ナ	ダ	だ	助動詞	助動詞-ダ	連体形-一般	
課題	カダイ	カダイ	課題	名詞-普通名詞-一般			0
に	ニ	ニ	に	助詞-格助詞			
対処	タイショ	タイショ	対処	名詞-普通名詞-サ変可能			1
する	スル	スル	為る	動詞-非自立可能	サ行変格	連体形-一般	0
ため	タメ	タメ	為	名詞-普通名詞-副詞可能			2
に	ニ	ニ	に	助詞-格助詞			
、			、	補助記号-読点			
Microsoft	Microsoft	Microsoft	Microsoft	名詞-普通名詞-一般			0
は	ワ	ハ	は	助詞-係助詞			
膨大	ボーダイ	ボウダイ	膨大	名詞-普通名詞-サ変形状詞可能			0
な	ナ	ダ	だ	助動詞	助動詞-ダ	連体形-一般	
大気	タイキ	タイキ	大気	名詞-普通名詞-一般			1
データ	データ	データ	データ-data	名詞-普通名詞-一般			1,0
を	オ	ヲ	を	助詞-格助詞			
迅速	ジンソク	ジンソク	迅速	形状詞-一般			0
に	ニ	ダ	だ	助動詞	助動詞-ダ	連用形-ニ	
分析	ブンセキ	ブンセキ	分析	名詞-普通名詞-サ変可能			0
できる	デキル	デキル	出来る	動詞-非自立可能	上一段-カ行	連体形-一般	2
AI	AI	AI	AI	名詞-普通名詞-一般			0
「			「	補助記号-括弧開			
Aurora	Aurora	Aurora	Aurora	名詞-普通名詞-一般			0
」			」	補助記号-括弧閉			
を	オ	ヲ	を	助詞-格助詞			
開発	カイハツ	カイハツ	開発	名詞-普通名詞-サ変可能			0
し	シ	スル	為る	動詞-非自立可能	サ行変格	連用形-一般	0
まし	マシ	マス	ます	助動詞	助動詞-マス	連用形-一般	
た	タ	タ	た	助動詞	助動詞-タ	終止形-一般	
。			。	補助記号-句点			
Aurora	Aurora	Aurora	Aurora	名詞-普通名詞-一般			0
は	ワ	ハ	は	助詞-係助詞			
100	100	100	100	名詞-数詞			0
万	マン	マン	万	名詞-数詞			1
時間	ジカン	ジカン	時間	名詞-普通名詞-助数詞可能			0
を	オ	ヲ	を	助詞-格助詞			
超える	コエル	コエル	越える	動詞-一般	下一段-ア行	連体形-一般	0
多様	タヨー	タヨウ	多様	形状詞-一般			0
な	ナ	ダ	だ	助動詞	助動詞-ダ	連体形-一般	
気象	キショー	キショウ	気象	名詞-普通名詞-一般			0
データ	データ	データ	データ-data	名詞-普通名詞-一般			1,0
および	オヨビ	オヨビ	及び	接続詞			0,1
気候	キコー	キコウ	気候	名詞-普通名詞-一般			0
シミュレーション	シミュレーション	シミュレーション	シミュレーション-simulation	名詞-普通名詞-サ変可能			0,3
で	デ	デ	で	助詞-格助詞			
トレーニング	トレーニング	トレーニング	トレーニング-training	名詞-普通名詞-サ変可能			2
さ	サ	スル	為る	動詞-非自立可能	サ行変格	未然形-サ	0
れ	レ	レル	れる	助動詞	助動詞-レル	連用形-一般	
た	タ	タ	た	助動詞	助動詞-タ	連体形-一般	
パラー	パラー	パラー	パラー-Para	名詞-固有名詞-地名-一般			1
メーター	メーター	メートル	メートル-metre	名詞-普通名詞-助数詞可能			0
数	スー	スウ	数	名詞-普通名詞-一般			1
13	13	13	13	名詞-数詞			0
億	オク	オク	億	名詞-数詞			1
の	ノ	ノ	の	助詞-格助詞			
基盤	キバン	キバン	基盤	名詞-普通名詞-一般			0
モデル	モデル	モデル	モデル-model	名詞-普通名詞-一般			0,1
で	デ	デ	で	助詞-格助詞			
、			、	補助記号-読点			
10	10	10	10	名詞-数詞			0
日間	カカン	カカン	日間	名詞-普通名詞-助数詞可能			1
の	ノ	ノ	の	助詞-格助詞			
世界	セカイ	セカイ	世界	名詞-普通名詞-一般			1,2
天気	テンキ	テンキ	天気	名詞-普通名詞-一般			1
予報	ヨホー	ヨホウ	予報	名詞-普通名詞-サ変可能			0
を	オ	ヲ	を	助詞-格助詞			
1	1	1	1	名詞-数詞			0
分	ブン	ブン	分	名詞-普通名詞-副詞可能			1
で	デ	デ	で	助詞-格助詞			
こなす	コナス	コナス	熟す	動詞-非自立可能	五段-サ行	連体形-一般	0
こと	コト	コト	事	名詞-普通名詞-一般			2
が	ガ	ガ	が	助詞-格助詞			
できる	デキル	デキル	出来る	動詞-非自立可能	上一段-カ行	終止形-一般	2
と	ト	ト	と	助詞-格助詞			
の	ノ	ノ	の	助詞-格助詞			
こと	コト	コト	事	名詞-普通名詞-一般			2
。			。	補助記号-句点			
Aurora	Aurora	Aurora	Aurora	名詞-普通名詞-一般			0
は	ワ	ハ	は	助詞-係助詞			
また	マタ	マタ	又	接続詞			0
、			、	補助記号-読点			
現行	ゲンコー	ゲンコウ	現行	名詞-普通名詞-一般			0
で	デ	デ	で	助詞-格助詞			
は	ワ	ハ	は	助詞-係助詞			
最	サイ	サイ	最	接頭辞			
先端	センタン	センタン	先端	名詞-普通名詞-一般			0
の	ノ	ノ	の	助詞-格助詞			
数値	スーチ	スウチ	数値	名詞-普通名詞-一般			1
予報	ヨホー	ヨホウ	予報	名詞-普通名詞-サ変可能			0
モデル	モデル	モデル	モデル-model	名詞-普通名詞-一般			0,1
で	デ	ダ	だ	助動詞	助動詞-ダ	連用形-一般	
ある	アル	アル	有る	動詞-非自立可能	五段-ラ行	連体形-一般	1
統合	トーゴー	トウゴウ	統合	名詞-普通名詞-サ変可能			0
予報	ヨホー	ヨホウ	予報	名詞-普通名詞-サ変可能			0
システム	システム	システム	システム-system	名詞-普通名詞-一般			1
(			（	補助記号-括弧開			
IFS	IFS	IFS	IFS	名詞-普通名詞-一般			0
)			）	補助記号-括弧閉			
に	ニ	ニ	に	助詞-格助詞			
比べ	クラベ	クラベル	比べる	動詞-一般	下一段-バ行	連用形-一般	0
て	テ	テ	て	助詞-接続助詞			
約	ヤク	ヤク	約	接頭辞			
5000	5000	5000	5000	名詞-数詞			0
倍	バイ	バイ	倍	名詞-普通名詞-助数詞可能			0,1
の	ノ	ノ	の	助詞-格助詞			
計算	ケーサン	ケイサン	計算	名詞-普通名詞-サ変可能			0
速度	ソクド	ソクド	速度	名詞-普通名詞-一般			1
を	オ	ヲ	を	助詞-格助詞			
誇る	ホコル	ホコル	誇る	動詞-一般	五段-ラ行	連体形-一般	2
ほか	ホカ	ホカ	他	名詞-普通名詞-副詞可能			0
、			、	補助記号-読点			
精度	セード	セイド	精度	名詞-普通名詞-一般			1
や	ヤ	ヤ	や	助詞-副助詞			
効率	コーリツ	コウリツ	効率	名詞-普通名詞-一般			0
性	セー	セイ	性	接尾辞-名詞的-一般			
、			、	補助記号-読点			
応用	オーヨー	オウヨウ	応用	名詞-普通名詞-サ変可能			0
性	セー	セイ	性	接尾辞-名詞的-一般			
に	ニ	ニ	に	助詞-格助詞			
も	モ	モ	も	助詞-係助詞			
優れ	スグレ	スグレル	優れる	動詞-一般	下一段-ラ行	連用形-一般	3
て	テ	テ	て	助詞-接続助詞			
おり	オリ	オル	居る	動詞-非自立可能	五段-ラ行	連用形-一般	1
、			、	補助記号-読点			
気温	キオン	キオン	気温	名詞-普通名詞-一般			0
や	ヤ	ヤ	や	助詞-副助詞			
風速	フーソク	フウソク	風速	名詞-普通名詞-一般			0
から	カラ	カラ	から	助詞-格助詞			
大気	タイキ	タイキ	大気	名詞-普通名詞-一般			1
汚染	オセン	オセン	汚染	名詞-普通名詞-サ変可能			0
、			、	補助記号-読点			
温室	オンシツ	オンシツ	温室	名詞-普通名詞-一般			0
効果	コーカ	コウカ	効果	名詞-普通名詞-一般			1
ガス	ガス	ガス	ガス-gas	名詞-普通名詞-一般			1
の	ノ	ノ	の	助詞-格助詞			
濃度	ノード	ノウド	濃度	名詞-普通名詞-一般			1
まで	マデ	マデ	まで	助詞-副助詞			
、			、	補助記号-読点			
大気	タイキ	タイキ	大気	名詞-普通名詞-一般			1
の	ノ	ノ	の	助詞-格助詞			
状態	ジョータイ	ジョウタイ	状態	名詞-普通名詞-一般			0
を	オ	ヲ	を	助詞-格助詞			
示す	シメス	シメス	示す	動詞-一般	五段-サ行	連体形-一般	2,0
さまざま	サマザマ	サマザマ	様々	形状詞-一般			2,3
な	ナ	ダ	だ	助動詞	助動詞-ダ	連体形-一般	
変数	ヘンスー	ヘンスウ	変数	名詞-普通名詞-一般			3
を	オ	ヲ	を	助詞-格助詞			
予測	ヨソク	ヨソク	予測	名詞-普通名詞-サ変可能			0
でき	デキ	デキル	出来る	動詞-非自立可能	上一段-カ行	連用形-一般	2
ます	マス	マス	ます	助動詞	助動詞-マス	終止形-一般	
。			。	補助記号-句点			
以下	イカ	イカ	以下	名詞-普通名詞-一般			1
は	ワ	ハ	は	助詞-係助詞			
、			、	補助記号-読点			
大気	タイキ	タイキ	大気	名詞-普通名詞-一般			1
汚染	オセン	オセン	汚染	名詞-普通名詞-サ変可能			0
の	ノ	ノ	の	助詞-格助詞			
指標	シヒョー	シヒョウ	指標	名詞-普通名詞-一般			0
と	ト	ト	と	助詞-格助詞			
なる	ナル	ナル	成る	動詞-非自立可能	五段-ラ行	連体形-一般	1
「			「	補助記号-括弧開			
大気	タイキ	タイキ	大気	名詞-普通名詞-一般			1
中	チュー	チュウ	中	接尾辞-名詞的-副詞可能			
の	ノ	ノ	の	助詞-格助詞			
全二	ゼンジ	ゼンジ	ゼンジ	名詞-固有名詞-人名-名			1
酸化	サンカ	サンカ	酸化	名詞-普通名詞-サ変可能			0
窒素	チッソ	チッソ	窒素	名詞-普通名詞-一般			1
量	リョー	リョウ	量	名詞-普通名詞-一般			1
」			」	補助記号-括弧閉			
を	オ	ヲ	を	助詞-格助詞			
Aurora	Aurora	Aurora	Aurora	名詞-普通名詞-一般			0
に	ニ	ニ	に	助詞-格助詞			
よる	ヨル	ヨル	因る	動詞-一般	五段-ラ行	連体形-一般	0
予測	ヨソク	ヨソク	予測	名詞-普通名詞-サ変可能			0
(			（	補助記号-括弧開			
上	ウエ	ウエ	上	名詞-普通名詞-副詞可能			0,2
)			）	補助記号-括弧閉			
と	ト	ト	と	助詞-格助詞			
欧州	オーシュー	オウシュウ	オウシュウ-外国	名詞-固有名詞-地名-一般			1
中期	チューキ	チュウキ	中期	名詞-普通名詞-副詞可能			1
予報	ヨホー	ヨホウ	予報	名詞-普通名詞-サ変可能			0
センター	センター	センター	センター-center	名詞-普通名詞-一般			1
(			（	補助記号-括弧開			
ECMWF	ECMWF	ECMWF	ECMWF	名詞-普通名詞-一般			0
)			）	補助記号-括弧閉			
が	ガ	ガ	が	助詞-格助詞			
運用	ウンヨー	ウンヨウ	運用	名詞-普通名詞-サ変可能			0
し	シ	スル	為る	動詞-非自立可能	サ行変格	連用形-一般	0
て	テ	テ	て	助詞-接続助詞			
いる	イル	イル	居る	動詞-非自立可能	上一段-ア行	連体形-一般	0
コペルニクス	コペルニクス	コペルニクス	コペルニクス-Copernicus	名詞-固有名詞-人名-一般			4
大気	タイキ	タイキ	大気	名詞-普通名詞-一般			1
監視	カンシ	カンシ	監視	名詞-普通名詞-サ変可能			0
サービス	サービス	サービス	サービス-service	名詞-普通名詞-サ変可能			1
(			（	補助記号-括弧開			
CAMS	CAMS	CAMS	CAMS	名詞-普通名詞-一般			0
)			）	補助記号-括弧閉			
の	ノ	ノ	の	助詞-格助詞			
データ	データ	データ	データ-data	名詞-普通名詞-一般			1,0
(			（	補助記号-括弧開			
下	シタ	シタ	下	名詞-普通名詞-一般			0
)			）	補助記号-括弧閉			
と	ト	ト	と	助詞-格助詞			
を	オ	ヲ	を	助詞-格助詞			
比較	ヒカク	ヒカク	比較	名詞-普通名詞-サ変可能			0
し	シ	スル	為る	動詞-非自立可能	サ行変格	連用形-一般	0
た	タ	タ	た	助動詞	助動詞-タ	連体形-一般	
もの	モノ	モノ	物	名詞-普通名詞-サ変可能			2,0
。			。	補助記号-句点			
二	ニ	ニ	二	名詞-数詞			1
酸化	サンカ	サンカ	酸化	名詞-普通名詞-サ変可能			0
窒素	チッソ	チッソ	窒素	名詞-普通名詞-一般			1
は	ワ	ハ	は	助詞-係助詞			
東	ヒガシ	ヒガシ	東	名詞-普通名詞-一般			0,3
アジア	アジア	アジア	アジア-Asia	名詞-固有名詞-地名-一般			1
の	ノ	ノ	の	助詞-格助詞			
人口	ジンコー	ジンコウ	人口	名詞-普通名詞-一般			0
密集	ミッシュー	ミッシュウ	密集	名詞-普通名詞-サ変可能			0
地	チ	チ	地	名詞-普通名詞-一般			1
に	ニ	ニ	に	助詞-格助詞			
偏在	ヘンザイ	ヘンザイ	偏在	名詞-普通名詞-サ変可能			0
する	スル	スル	為る	動詞-非自立可能	サ行変格	連体形-一般	0
傾向	ケーコー	ケイコウ	傾向	名詞-普通名詞-一般			0
が	ガ	ガ	が	助詞-格助詞			
あり	アリ	アル	有る	動詞-非自立可能	五段-ラ行	連用形-一般	1
ます	マス	マス	ます	助動詞	助動詞-マス	終止形-一般	
が	ガ	ガ	が	助詞-接続助詞			
、			、	補助記号-読点			
Aurora	Aurora	Aurora	Aurora	名詞-普通名詞-一般			0
は	ワ	ハ	は	助詞-係助詞			
この	コノ	コノ	此の	連体詞			0
よう	ヨー	ヨウ	様	形状詞-助動詞語幹			1
な	ナ	ダ	だ	助動詞	助動詞-ダ	連体形-一般	
汚染	オセン	オセン	汚染	名詞-普通名詞-サ変可能			0
物質	ブッシツ	ブッシツ	物質	名詞-普通名詞-一般			0
の	ノ	ノ	の	助詞-格助詞			
局地	キョクチ	キョクチ	局地	名詞-普通名詞-一般			1
的	テキ	テキ	的	接尾辞-形状詞的			
な	ナ	ダ	だ	助動詞	助動詞-ダ	連体形-一般	
分布	ブンプ	ブンプ	分布	名詞-普通名詞-サ変可能			0,1
と	ト	ト	と	助詞-格助詞			
世界	セカイ	セカイ	世界	名詞-普通名詞-一般			1,2
的	テキ	テキ	的	接尾辞-形状詞的			
な	ナ	ダ	だ	助動詞	助動詞-ダ	連体形-一般	
分布	ブンプ	ブンプ	分布	名詞-普通名詞-サ変可能			0,1
の	ノ	ノ	の	助詞-格助詞			
両方	リョーホー	リョウホウ	両方	名詞-普通名詞-一般			0,3
を	オ	ヲ	を	助詞-格助詞			
正確	セーカク	セイカク	正確	名詞-普通名詞-形状詞可能			0
に	ニ	ダ	だ	助動詞	助動詞-ダ	連用形-ニ	
捉える	トラエル	トラエル	捕らえる	動詞-一般	下一段-ア行	連体形-一般	3
こと	コト	コト	事	名詞-普通名詞-一般			2
が	ガ	ガ	が	助詞-格助詞			
でき	デキ	デキル	出来る	動詞-非自立可能	上一段-カ行	連用形-一般	2
まし	マシ	マス	ます	助動詞	助動詞-マス	連用形-一般	
た	タ	タ	た	助動詞	助動詞-タ	終止形-一般	
。			。	補助記号-句点			
また	マタ	マタ	又	接続詞			0
、			、	補助記号-読点			
以下	イカ	イカ	以下	名詞-普通名詞-一般			1
は	ワ	ハ	は	助詞-係助詞			
CAMS	CAMS	CAMS	CAMS	名詞-普通名詞-一般			0
に	ニ	ニ	に	助詞-格助詞			
対する	タイスル	タイスル	対する	動詞-一般	サ行変格	連体形-一般	3
Aurora	Aurora	Aurora	Aurora	名詞-普通名詞-一般			0
の	ノ	ノ	の	助詞-格助詞			
二	ニ	ニ	二	名詞-数詞			1
乗	ジョー	ジョウ	乗	名詞-普通名詞-助数詞可能			1
平均	ヘーキン	ヘイキン	平均	名詞-普通名詞-サ変可能			0
平方	ヘーホー	ヘイホウ	平方	名詞-普通名詞-サ変可能			0
根	コン	コン	根	名詞-普通名詞-一般			1,2,0
誤差	ゴサ	ゴサ	誤差	名詞-普通名詞-一般			1
(			（	補助記号-括弧開			
RMSE	RMSE	RMSE	RMSE	名詞-普通名詞-一般			0
)			）	補助記号-括弧閉			
を	オ	ヲ	を	助詞-格助詞			
表し	アラワシ	アラワス	表わす	動詞-一般	五段-サ行	連用形-一般	3
た	タ	タ	た	助動詞	助動詞-タ	連体形-一般	
もの	モノ	モノ	物	名詞-普通名詞-サ変可能			2,0
で	デ	ダ	だ	助動詞	助動詞-ダ	連用形-一般	
、			、	補助記号-読点			
負	フ	フ	負	名詞-普通名詞-一般			1
の	ノ	ノ	の	助詞-格助詞			
値	アタイ	アタイ	値	名詞-普通名詞-サ変可能			0
(			（	補助記号-括弧開			
青色	アオイロ	アオイロ	青色	名詞-普通名詞-一般			0
)			）	補助記号-括弧閉			
ほど	ホド	ホド	ほど	助詞-副助詞			
Aurora	Aurora	Aurora	Aurora	名詞-普通名詞-一般			0
が	ガ	ガ	が	助詞-格助詞			
優れ	スグレ	スグレル	優れる	動詞-一般	下一段-ラ行	連用形-一般	3
て	テ	テ	て	助詞-接続助詞			
いる	イル	イル	居る	動詞-非自立可能	上一段-ア行	連体形-一般	0
こと	コト	コト	事	名詞-普通名詞-一般			2
を	オ	ヲ	を	助詞-格助詞			
意味	イミ	イミ	意味	名詞-普通名詞-サ変可能			1
し	シ	スル	為る	動詞-非自立可能	サ行変格	連用形-一般	0
て	テ	テ	て	助詞-接続助詞			
い	イ	イル	居る	動詞-非自立可能	上一段-ア行	連用形-一般	0
ます	マス	マス	ます	助動詞	助動詞-マス	終止形-一般	
。			。	補助記号-句点			
一	イチ	イチ	一	名詞-数詞			2
酸化	サンカ	サンカ	酸化	名詞-普通名詞-サ変可能			0
炭素	タンソ	タンソ	炭素	名詞-普通名詞-一般			1
(			（	補助記号-括弧開			
CO	CO	CO	CO	名詞-普通名詞-一般			0
)			）	補助記号-括弧閉			
や	ヤ	ヤ	や	助詞-副助詞			
一	イチ	イチ	一	名詞-数詞			2
酸化	サンカ	サンカ	酸化	名詞-普通名詞-サ変可能			0
窒素	チッソ	チッソ	窒素	名詞-普通名詞-一般			1
(			（	補助記号-括弧開			
NO	NO	NO	NO	名詞-普通名詞-一般			0
)			）	補助記号-括弧閉			
など	ナド	ナド	など	助詞-副助詞			
さまざま	サマザマ	サマザマ	様々	形状詞-一般			2,3
な	ナ	ダ	だ	助動詞	助動詞-ダ	連体形-一般	
指標	シヒョー	シヒョウ	指標	名詞-普通名詞-一般			0
に	ニ	ニ	に	助詞-格助詞			
おい	オイ	オク	於く	動詞-一般	五段-カ行	連用形-イ音便	1
て	テ	テ	て	助詞-接続助詞			
、			、	補助記号-読点			
Aurora	Aurora	Aurora	Aurora	名詞-普通名詞-一般			0
は	ワ	ハ	は	助詞-係助詞			
ターゲット	ターゲット	ターゲット	ターゲット-target	名詞-普通名詞-一般			1
の	ノ	ノ	の	助詞-格助詞			
74	74	74	74	名詞-数詞			0
％	パーセント	パーセント	パーセント-percent	名詞-普通名詞-助数詞可能			3
で	デ	デ	で	助詞-格助詞			
CAMS	CAMS	CAMS	CAMS	名詞-普通名詞-一般			0
と	ト	ト	と	助詞-格助詞			
同等	ドートー	ドウトウ	同等	形状詞-一般			0
以上	イジョー	イジョウ	以上	名詞-普通名詞-副詞可能			1
の	ノ	ノ	の	助詞-格助詞			
パフォーマンス	パフォーマンス	パフォーマンス	パフォーマンス-performance	名詞-普通名詞-一般			2
を	オ	ヲ	を	助詞-格助詞			
示し	シメシ	シメス	示す	動詞-一般	五段-サ行	連用形-一般	2,0
まし	マシ	マス	ます	助動詞	助動詞-マス	連用形-一般	
た	タ	タ	た	助動詞	助動詞-タ	終止形-一般	
。			。	補助記号-句点			
Microsoft	Microsoft	Microsoft	Microsoft	名詞-普通名詞-一般			0
Research	Research	Research	Research	名詞-普通名詞-一般			0
AI	AI	AI	AI	名詞-普通名詞-一般			0
for	for	for	for	名詞-普通名詞-一般			0
Science	Science	Science	Science	名詞-普通名詞-一般			0
の	ノ	ノ	の	助詞-格助詞			
AI	AI	AI	AI	名詞-普通名詞-一般			0
研究	ケンキュー	ケンキュウ	研究	名詞-普通名詞-サ変可能			0
者	シャ	シャ	者	接尾辞-名詞的-一般			
で	デ	ダ	だ	助動詞	助動詞-ダ	連用形-一般	
ある	アル	アル	有る	動詞-非自立可能	五段-ラ行	連体形-一般	1
パリス	パリス	パリス	パリス-Paris	名詞-固有名詞-人名-一般			1
・			・	補助記号-一般			
ペルディカリス	ペルディカリス	ペルディカリス	ペルディカリス	名詞-固有名詞-人名-一般			0
氏	シ	シ	氏	接尾辞-名詞的-一般			
ら	ラ	ラ	等	接尾辞-名詞的-一般			
の	ノ	ノ	の	助詞-格助詞			
検証	ケンショー	ケンショウ	検証	名詞-普通名詞-サ変可能			0
に	ニ	ニ	に	助詞-格助詞			
よる	ヨル	ヨル	因る	動詞-一般	五段-ラ行	終止形-一般	0
と	ト	ト	と	助詞-接続助詞			
、			、	補助記号-読点			
Aurora	Aurora	Aurora	Aurora	名詞-普通名詞-一般			0
は	ワ	ハ	は	助詞-係助詞			
主要	シュヨー	シュヨウ	主要	形状詞-一般			0
な	ナ	ダ	だ	助動詞	助動詞-ダ	連体形-一般	
大気	タイキ	タイキ	大気	名詞-普通名詞-一般			1
汚染	オセン	オセン	汚染	名詞-普通名詞-サ変可能			0
の	ノ	ノ	の	助詞-格助詞			
指標	シヒョー	シヒョウ	指標	名詞-普通名詞-一般			0
(			（	補助記号-括弧開			
一	イチ	イチ	一	名詞-数詞			2
酸化	サンカ	サンカ	酸化	名詞-普通名詞-サ変可能			0
炭素	タンソ	タンソ	炭素	名詞-普通名詞-一般			1
、			、	補助記号-読点			
酸化	サンカ	サンカ	酸化	名詞-普通名詞-サ変可能			0
窒素	チッソ	チッソ	窒素	名詞-普通名詞-一般			1
、			、	補助記号-読点			
二	ニ	ニ	二	名詞-数詞			1
酸化	サンカ	サンカ	酸化	名詞-普通名詞-サ変可能			0
窒素	チッソ	チッソ	窒素	名詞-普通名詞-一般			1
、			、	補助記号-読点			
二	ニ	ニ	二	名詞-数詞			1
酸化	サンカ	サンカ	酸化	名詞-普通名詞-サ変可能			0
硫黄	イオー	イオウ	硫黄	名詞-普通名詞-一般			0
、			、	補助記号-読点			
オゾン	オゾン	オゾン	オゾン-ozone	名詞-普通名詞-一般			1
、			、	補助記号-読点			
粒子	リューシ	リュウシ	粒子	名詞-普通名詞-一般			1
状	ジョー	ジョウ	状	接尾辞-名詞的-一般			
物質	ブッシツ	ブッシツ	物質	名詞-普通名詞-一般			0
)			）	補助記号-括弧閉			
の	ノ	ノ	の	助詞-格助詞			
5	5	5	5	名詞-数詞			0
日間	カカン	カカン	日間	名詞-普通名詞-助数詞可能			1
の	ノ	ノ	の	助詞-格助詞			
世界	セカイ	セカイ	世界	名詞-普通名詞-一般			1,2
的	テキ	テキ	的	接尾辞-形状詞的			
な	ナ	ダ	だ	助動詞	助動詞-ダ	連体形-一般	
動き	ウゴキ	ウゴキ	動き	名詞-普通名詞-一般			3
を	オ	ヲ	を	助詞-格助詞			
1	1	1	1	名詞-数詞			0
分	フン	フン	分	名詞-普通名詞-助数詞可能			1
以内	イナイ	イナイ	以内	名詞-普通名詞-副詞可能			1
に	ニ	ニ	に	助詞-格助詞			
予測	ヨソク	ヨソク	予測	名詞-普通名詞-サ変可能			0
でき	デキ	デキル	出来る	動詞-非自立可能	上一段-カ行	連用形-一般	2
た	タ	タ	た	助動詞	助動詞-タ	終止形-一般	
と	ト	ト	と	助詞-格助詞			
の	ノ	ノ	の	助詞-格助詞			
こと	コト	コト	事	名詞-普通名詞-一般			2
。			。	補助記号-句点			
しかも	シカモ	シカモ	然も	接続詞			2
、			、	補助記号-読点			
この	コノ	コノ	此の	連体詞			0
予測	ヨソク	ヨソク	予測	名詞-普通名詞-サ変可能			0
は	ワ	ハ	は	助詞-係助詞			
CAMS	CAMS	CAMS	CAMS	名詞-普通名詞-一般			0
に	ニ	ニ	に	助詞-格助詞			
比べ	クラベ	クラベル	比べる	動詞-一般	下一段-バ行	連用形-一般	0
て	テ	テ	て	助詞-接続助詞			
桁違い	ケタチガイ	ケタチガイ	桁違い	形状詞-一般			3
に	ニ	ダ	だ	助動詞	助動詞-ダ	連用形-ニ	
少ない	スクナイ	スクナイ	少ない	形容詞-一般	形容詞	連体形-一般	3
計算	ケーサン	ケイサン	計算	名詞-普通名詞-サ変可能			0
コスト	コスト	コスト	コスト-cost	名詞-普通名詞-一般			1
で	デ	デ	で	助詞-格助詞			
実現	ジツゲン	ジツゲン	実現	名詞-普通名詞-サ変可能			0
し	シ	スル	為る	動詞-非自立可能	サ行変格	連用形-一般	0
まし	マシ	マス	ます	助動詞	助動詞-マス	連用形-一般	
た	タ	タ	た	助動詞	助動詞-タ	終止形-一般	
。			。	補助記号-句点			
ECMWF	ECMWF	ECMWF	ECMWF	名詞-普通名詞-一般			0
の	ノ	ノ	の	助詞-格助詞			
機械	キカイ	キカイ	機械	名詞-普通名詞-一般			2
学習	ガクシュー	ガクシュウ	学習	名詞-普通名詞-サ変可能			0
研究	ケンキュー	ケンキュウ	研究	名詞-普通名詞-サ変可能			0
者	シャ	シャ	者	接尾辞-名詞的-一般			
で	デ	ダ	だ	助動詞	助動詞-ダ	連用形-一般	
ある	アル	アル	有る	動詞-非自立可能	五段-ラ行	連体形-一般	1
マシュー	マシュー	マシュー	マシュー-Matthew	名詞-固有名詞-人名-一般			1
・			・	補助記号-一般			
チャントリー	チャントリー	チャントリー	チャントリー	名詞-固有名詞-人名-一般			0
氏	シ	シ	氏	接尾辞-名詞的-一般			
は	ワ	ハ	は	助詞-係助詞			
、			、	補助記号-読点			
Microsoft	Microsoft	Microsoft	Microsoft	名詞-普通名詞-一般			0
の	ノ	ノ	の	助詞-格助詞			
研究	ケンキュー	ケンキュウ	研究	名詞-普通名詞-サ変可能			0
結果	ケッカ	ケッカ	結果	名詞-普通名詞-副詞可能			0,1
に	ニ	ニ	に	助詞-格助詞			
つい	ツイ	ツク	つく	動詞-一般	五段-カ行	連用形-イ音便	1,2
て	テ	テ	て	助詞-接続助詞			
「			「	補助記号-括弧開			
この	コノ	コノ	此の	連体詞			0
分野	ブンヤ	ブンヤ	分野	名詞-普通名詞-一般			1
の	ノ	ノ	の	助詞-格助詞			
研究	ケンキュー	ケンキュウ	研究	名詞-普通名詞-サ変可能			0
者	シャ	シャ	者	接尾辞-名詞的-一般			
は	ワ	ハ	は	助詞-係助詞			
これ	コレ	コレ	此れ	代名詞			0
まで	マデ	マデ	まで	助詞-副助詞			
、			、	補助記号-読点			
従来	ジューライ	ジュウライ	従来	名詞-普通名詞-副詞可能			1
の	ノ	ノ	の	助詞-格助詞			
数学	スーガク	スウガク	数学	名詞-普通名詞-一般			0
モデル	モデル	モデル	モデル-model	名詞-普通名詞-一般			0,1
と	ト	ト	と	助詞-格助詞			
機械	キカイ	キカイ	機械	名詞-普通名詞-一般			2
学習	ガクシュー	ガクシュウ	学習	名詞-普通名詞-サ変可能			0
に	ニ	ニ	に	助詞-格助詞			
頼っ	タヨッ	タヨル	頼る	動詞-一般	五段-ラ行	連用形-促音便	2
て	テ	テ	て	助詞-接続助詞			
き	キ	クル	来る	動詞-非自立可能	カ行変格	連用形-一般	1
まし	マシ	マス	ます	助動詞	助動詞-マス	連用形-一般	
た	タ	タ	た	助動詞	助動詞-タ	終止形-一般	
。			。	補助記号-句点			
一方	イッポー	イッポウ	一方	接続詞			3
、			、	補助記号-読点			
Aurora	Aurora	Aurora	Aurora	名詞-普通名詞-一般			0
は	ワ	ハ	は	助詞-係助詞			
天気	テンキ	テンキ	天気	名詞-普通名詞-一般			1
予報	ヨホー	ヨホウ	予報	名詞-普通名詞-サ変可能			0
より	ヨリ	ヨリ	より	助詞-格助詞			
はるか	ハルカ	ハルカ	遥か	形状詞-一般			1
に	ニ	ダ	だ	助動詞	助動詞-ダ	連用形-ニ	
複雑	フクザツ	フクザツ	複雑	名詞-普通名詞-形状詞可能			0
な	ナ	ダ	だ	助動詞	助動詞-ダ	連体形-一般	
タスク	タスク	タスク	タスク-task	名詞-普通名詞-一般			1
で	デ	ダ	だ	助動詞	助動詞-ダ	連用形-一般	
ある	アル	アル	有る	動詞-非自立可能	五段-ラ行	連体形-一般	1
世界	セカイ	セカイ	世界	名詞-普通名詞-一般			1,2
的	テキ	テキ	的	接尾辞-形状詞的			
な	ナ	ダ	だ	助動詞	助動詞-ダ	連体形-一般	
大気	タイキ	タイキ	大気	名詞-普通名詞-一般			1
汚染	オセン	オセン	汚染	名詞-普通名詞-サ変可能			0
の	ノ	ノ	の	助詞-格助詞			
予測	ヨソク	ヨソク	予測	名詞-普通名詞-サ変可能			0
も	モ	モ	も	助詞-係助詞			
生成	セーセー	セイセイ	生成	名詞-普通名詞-サ変可能			0
できる	デキル	デキル	出来る	動詞-非自立可能	上一段-カ行	連体形-一般	2
最初	サイショ	サイショ	最初	名詞-普通名詞-副詞可能			0
の	ノ	ノ	の	助詞-格助詞			
AI	AI	AI	AI	名詞-普通名詞-一般			0
モデル	モデル	モデル	モデル-model	名詞-普通名詞-一般			0,1
です	デス	デス	です	助動詞	助動詞-デス	終止形-一般	
。			。	補助記号-句点			
AI	AI	AI	AI	名詞-普通名詞-一般			0
モデル	モデル	モデル	モデル-model	名詞-普通名詞-一般			0,1
の	ノ	ノ	の	助詞-格助詞			
利点	リテン	リテン	利点	名詞-普通名詞-一般			0
は	ワ	ハ	は	助詞-係助詞			
、			、	補助記号-読点			
従来	ジューライ	ジュウライ	従来	名詞-普通名詞-副詞可能			1
の	ノ	ノ	の	助詞-格助詞			
モデル	モデル	モデル	モデル-model	名詞-普通名詞-一般			0,1
より	ヨリ	ヨリ	より	助詞-格助詞			
予測	ヨソク	ヨソク	予測	名詞-普通名詞-サ変可能			0
に	ニ	ニ	に	助詞-格助詞			
必要	ヒツヨー	ヒツヨウ	必要	名詞-普通名詞-形状詞可能			0
な	ナ	ダ	だ	助動詞	助動詞-ダ	連体形-一般	
計算	ケーサン	ケイサン	計算	名詞-普通名詞-サ変可能			0
量	リョー	リョウ	量	名詞-普通名詞-一般			1
が	ガ	ガ	が	助詞-格助詞			
少ない	スクナイ	スクナイ	少ない	形容詞-一般	形容詞	連体形-一般	3
こと	コト	コト	事	名詞-普通名詞-一般			2
です	デス	デス	です	助動詞	助動詞-デス	終止形-一般	
」			」	補助記号-括弧閉			
と	ト	ト	と	助詞-格助詞			
話し	ハナシ	ハナス	話す	動詞-一般	五段-サ行	連用形-一般	2
まし	マシ	マス	ます	助動詞	助動詞-マス	連用形-一般	
た	タ	タ	た	助動詞	助動詞-タ	終止形-一般	
。			。	補助記号-句点			
Microsoft	Microsoft	Microsoft	Microsoft	名詞-普通名詞-一般			0
は	ワ	ハ	は	助詞-係助詞			
、			、	補助記号-読点			
Aurora	Aurora	Aurora	Aurora	名詞-普通名詞-一般			0
が	ガ	ガ	が	助詞-格助詞			
今後	コンゴ	コンゴ	今後	名詞-普通名詞-副詞可能			0,1
発展	ハッテン	ハッテン	発展	名詞-普通名詞-サ変可能			0
し	シ	スル	為る	動詞-非自立可能	サ行変格	連用形-一般	0
て	テ	テ	て	助詞-接続助詞			
いく	イク	イク	行く	動詞-非自立可能	五段-カ行	連体形-一般	0
AI	AI	AI	AI	名詞-普通名詞-一般			0
ベース	ベース	ベース	ベース-base	名詞-普通名詞-一般			1,0
の	ノ	ノ	の	助詞-格助詞			
環境	カンキョー	カンキョウ	環境	名詞-普通名詞-一般			0
予測	ヨソク	ヨソク	予測	名詞-普通名詞-サ変可能			0
テクノロジー	テクノロジー	テクノロジー	テクノロジー-technology	名詞-普通名詞-一般			3
の	ノ	ノ	の	助詞-格助詞			
手本	テホン	テホン	手本	名詞-普通名詞-一般			2
に	ニ	ニ	に	助詞-格助詞			
なる	ナル	ナル	成る	動詞-非自立可能	五段-ラ行	連体形-一般	1
こと	コト	コト	事	名詞-普通名詞-一般			2
を	オ	ヲ	を	助詞-格助詞			
期待	キタイ	キタイ	期待	名詞-普通名詞-サ変可能			0
し	シ	スル	為る	動詞-非自立可能	サ行変格	連用形-一般	0
て	テ	テ	て	助詞-接続助詞			
おり	オリ	オル	居る	動詞-非自立可能	五段-ラ行	連用形-一般	1
、			、	補助記号-読点			
これ	コレ	コレ	此れ	代名詞			0
に	ニ	ニ	に	助詞-格助詞			
より	ヨリ	ヨル	因る	動詞-一般	五段-ラ行	連用形-一般	0
発展	ハッテン	ハッテン	発展	名詞-普通名詞-サ変可能			0
途上	トジョー	トジョウ	途上	名詞-普通名詞-副詞可能			0
国	コク	コク	国	接尾辞-名詞的-一般			
や	ヤ	ヤ	や	助詞-副助詞			
局地	キョクチ	キョクチ	局地	名詞-普通名詞-一般			1
など	ナド	ナド	など	助詞-副助詞			
データ	データ	データ	データ-data	名詞-普通名詞-一般			1,0
が	ガ	ガ	が	助詞-格助詞			
乏しい	トボシー	トボシイ	乏しい	形容詞-一般	形容詞	連体形-一般	3,0
地域	チイキ	チイキ	地域	名詞-普通名詞-一般			1
の	ノ	ノ	の	助詞-格助詞			
正確	セーカク	セイカク	正確	名詞-普通名詞-形状詞可能			0
な	ナ	ダ	だ	助動詞	助動詞-ダ	連体形-一般	
気象	キショー	キショウ	気象	名詞-普通名詞-一般			0
情報	ジョーホー	ジョウホウ	情報	名詞-普通名詞-一般			0
の	ノ	ノ	の	助詞-格助詞			
民主	ミンシュ	ミンシュ	民主	名詞-普通名詞-一般			0,1
化	カ	カ	化	接尾辞-名詞的-サ変可能			
が	ガ	ガ	が	助詞-格助詞			
実現	ジツゲン	ジツゲン	実現	名詞-普通名詞-サ変可能			0
する	スル	スル	為る	動詞-非自立可能	サ行変格	連体形-一般	0
可能	カノー	カノウ	可能	形状詞-一般			0
性	セー	セイ	性	接尾辞-名詞的-一般			
が	ガ	ガ	が	助詞-格助詞			
ある	アル	アル	有る	動詞-非自立可能	五段-ラ行	終止形-一般	1
と	ト	ト	と	助詞-格助詞			
述べ	ノベ	ノベル	述べる	動詞-一般	下一段-バ行	連用形-一般	2
まし	マシ	マス	ます	助動詞	助動詞-マス	連用形-一般	
た	タ	タ	た	助動詞	助動詞-タ	終止形-一般	
。			。	補助記号-句点			
この	コノ	コノ	此の	連体詞			0
記事	キジ	キジ	記事	名詞-普通名詞-一般			1
の	ノ	ノ	の	助詞-格助詞			
タイトル	タイトル	タイトル	タイトル-title	名詞-普通名詞-一般			1,0
と	ト	ト	と	助詞-格助詞			
URL	URL	URL	URL	名詞-普通名詞-一般			0
を	オ	ヲ	を	助詞-格助詞			
コピー	コピー	コピー	コピー-copy	名詞-普通名詞-サ変可能			1
する	スル	スル	為る	動詞-非自立可能	サ行変格	終止形-一般	0
EOS
2024	2024	2024	2024	名詞-数詞			0
年	ネン	ネン	年	名詞-普通名詞-助数詞可能			1
06	06	06	06	名詞-数詞			0
月	ガツ	ガツ	月	名詞-普通名詞-助数詞可能			1
06	06	06	06	名詞-数詞			0
日	カ	カ	日	接尾辞-名詞的-助数詞			
14	14	14	14	名詞-数詞			0
時	ジ	ジ	時	名詞-普通名詞-助数詞可能			1
00	00	00	00	名詞-数詞			0
分	フン	フン	分	名詞-普通名詞-助数詞可能			1
ソフトウェア	ソフトウェア	ソフトウェア	ソフトウェア-software	名詞-普通名詞-一般			4
Microsoft	Microsoft	Microsoft	Microsoft	名詞-普通名詞-一般			0
が	ガ	ガ	が	助詞-格助詞			
10	10	10	10	名詞-数詞			0
日間	カカン	カカン	日間	名詞-普通名詞-助数詞可能			1
の	ノ	ノ	の	助詞-格助詞			
世界	セカイ	セカイ	世界	名詞-普通名詞-一般			1,2
の	ノ	ノ	の	助詞-格助詞			
天気	テンキ	テンキ	天気	名詞-普通名詞-一般			1
と	ト	ト	と	助詞-格助詞			
大気	タイキ	タイキ	大気	名詞-普通名詞-一般			1
汚染	オセン	オセン	汚染	名詞-普通名詞-サ変可能			0
を	オ	ヲ	を	助詞-格助詞			
たっ	タッ	タツ	経つ	動詞-一般	五段-タ行	連用形-促音便	1
た	タ	タ	た	助動詞	助動詞-タ	連体形-一般	
1	1	1	1	名詞-数詞			0
分	ブン	ブン	分	名詞-普通名詞-副詞可能			1
で	デ	デ	で	助詞-格助詞			
予測	ヨソク	ヨソク	予測	名詞-普通名詞-サ変可能			0
する	スル	スル	為る	動詞-非自立可能	サ行変格	連体形-一般	0
超	チョー	チョウ	超	接頭辞			
高速	コーソク	コウソク	高速	名詞-普通名詞-形状詞可能			0
AI	AI	AI	AI	名詞-普通名詞-一般			0
「			「	補助記号-括弧開			
Aurora	Aurora	Aurora	Aurora	名詞-普通名詞-一般			0
」			」	補助記号-括弧閉			
を	オ	ヲ	を	助詞-格助詞			
発表	ハッピョー	ハッピョウ	発表	名詞-普通名詞-サ変可能			0
AI	AI	AI	AI	名詞-普通名詞-一般			0
の	ノ	ノ	の	助詞-格助詞			
発達	ハッタツ	ハッタツ	発達	名詞-普通名詞-サ変可能			0
に	ニ	ニ	に	助詞-格助詞			
より	ヨリ	ヨル	因る	動詞-一般	五段-ラ行	連用形-一般	0
、			、	補助記号-読点			
かつて	カツテ	カツテ	嘗て	副詞			1
は	ワ	ハ	は	助詞-係助詞			
スーパーコンピューター	スーパーコンピューター	スーパーコンピューター	スーパーコンピューター-supercomputer	名詞-普通名詞-一般			7
を	オ	ヲ	を	助詞-格助詞			
長	チョー	チョウ	長	接頭辞			
時間	ジカン	ジカン	時間	名詞-普通名詞-助数詞可能			0
稼働	カドー	カドウ	稼働	名詞-普通名詞-サ変可能			0
さ	サ	スル	為る	動詞-非自立可能	サ行変格	未然形-サ	0
せ	セ	セル	せる	助動詞	下一段-サ行	連用形-一般	
て	テ	テ	て	助詞-接続助詞			
行っ	イッ	イク	行く	動詞-非自立可能	五段-カ行	連用形-促音便	0
て	テ	テ	て	助詞-接続助詞			
き	キ	クル	来る	動詞-非自立可能	カ行変格	連用形-一般	1
た	タ	タ	た	助動詞	助動詞-タ	連体形-一般	
天気	テンキ	テンキ	天気	名詞-普通名詞-一般			1
予報	ヨホー	ヨホウ	予報	名詞-普通名詞-サ変可能			0
が	ガ	ガ	が	助詞-格助詞			
、			、	補助記号-読点			
短	タン	タン	短	接頭辞			
時間	ジカン	ジカン	時間	名詞-普通名詞-助数詞可能			0
かつ	カツ	カツ	且つ	接続詞			1
高	コー	コウ	高	接頭辞			
精度	セード	セイド	精度	名詞-普通名詞-一般			1
で	デ	デ	で	助詞-格助詞			
行える	オコナエル	オコナウ	行う	動詞-一般	下一段-ア行	連体形-一般	0
よう	ヨー	ヨウ	様	形状詞-助動詞語幹			1
に	ニ	ダ	だ	助動詞	助動詞-ダ	連用形-ニ	
なり	ナリ	ナル	成る	動詞-非自立可能	五段-ラ行	連用形-一般	1
つつ	ツツ	ツツ	つつ	助詞-接続助詞			
あり	アリ	アル	有る	動詞-非自立可能	五段-ラ行	連用形-一般	1
ます	マス	マス	ます	助動詞	助動詞-マス	終止形-一般	
。			。	補助記号-句点			
そんな	ソンナ	ソンナ	そんな	連体詞			0
中	ナカ	ナカ	中	名詞-普通名詞-副詞可能			1
、			、	補助記号-読点			
Microsoft	Microsoft	Microsoft	Microsoft	名詞-普通名詞-一般			0
が	ガ	ガ	が	助詞-格助詞			
天気	テンキ	テンキ	天気	名詞-普通名詞-一般			1
予報	ヨホー	ヨホウ	予報	名詞-普通名詞-サ変可能			0
と	ト	ト	と	助詞-格助詞			
同時	ドージ	ドウジ	同時	名詞-普通名詞-一般			0,1
に	ニ	ニ	に	助詞-格助詞			
大気	タイキ	タイキ	大気	名詞-普通名詞-一般			1
汚染	オセン	オセン	汚染	名詞-普通名詞-サ変可能			0
を	オ	ヲ	を	助詞-格助詞			
瞬時	シュンジ	シュンジ	瞬時	名詞-普通名詞-副詞可能			1
に	ニ	ニ	に	助詞-格助詞			
予測	ヨソク	ヨソク	予測	名詞-普通名詞-サ変可能			0
できる	デキル	デキル	出来る	動詞-非自立可能	上一段-カ行	連体形-一般	2
AI	AI	AI	AI	名詞-普通名詞-一般			0
モデル	モデル	モデル	モデル-model	名詞-普通名詞-一般			0,1
「			「	補助記号-括弧開			
Aurora	Aurora	Aurora	Aurora	名詞-普通名詞-一般			0
」			」	補助記号-括弧閉			
を	オ	ヲ	を	助詞-格助詞			
発表	ハッピョー	ハッピョウ	発表	名詞-普通名詞-サ変可能			0
し	シ	スル	為る	動詞-非自立可能	サ行変格	連用形-一般	0
まし	マシ	マス	ます	助動詞	助動詞-マス	連用形-一般	
た	タ	タ	た	助動詞	助動詞-タ	終止形-一般	
。			。	補助記号-句点			
Introducing	Introducing	Introducing	Introducing	名詞-普通名詞-一般			0
Aurora	Aurora	Aurora	Aurora	名詞-普通名詞-一般			0
:			：	補助記号-一般			
The	The	The	The	名詞-普通名詞-一般			0
first	first	first	first	名詞-普通名詞-一般			0
large	large	large	large	名詞-普通名詞-一般			0
-	-	-	-	記号-一般			0
scale	scale	scale	scale	名詞-普通名詞-一般			0
foundation	foundation	foundation	foundation	名詞-普通名詞-一般			0
model	model	model	model	名詞-普通名詞-一般			0
of	of	of	of	名詞-普通名詞-一般			0
the	the	the	the	名詞-普通名詞-一般			0
atmosphere	atmosphere	atmosphere	atmosphere	名詞-普通名詞-一般			0
-	-	-	-	記号-一般			0
Microsoft	Microsoft	Microsoft	Microsoft	名詞-普通名詞-一般			0
Research	Research	Research	Research	名詞-普通名詞-一般			0
https	https	https	https	名詞-普通名詞-一般			0
:			：	補助記号-一般			
/			／	補助記号-一般			
/			／	補助記号-一般			
www	www	www	www	名詞-普通名詞-一般			0
.			．	補助記号-句点			
microsoft	microsoft	microsoft	microsoft	名詞-普通名詞-一般			0
.			．	補助記号-句点			
com	com	com	com	名詞-普通名詞-一般			0
/			／	補助記号-一般			
en	en	en	en	名詞-普通名詞-一般			0
-	-	-	-	記号-一般			0
us	us	us	us	名詞-普通名詞-一般			0
/			／	補助記号-一般			
research	research	research	research	名詞-普通名詞-一般			0
/			／	補助記号-一般			
blog	blog	blog	blog	名詞-普通名詞-一般			0
/			／	補助記号-一般			
introducing	introducing	introducing	introducing	名詞-普通名詞-一般			0
-	-	-	-	記号-一般			0
aurora	aurora	aurora	aurora	名詞-普通名詞-一般			0
-	-	-	-	記号-一般			0
the	the	the	the	名詞-普通名詞-一般			0
-	-	-	-	記号-一般			0
first	first	first	first	名詞-普通名詞-一般			0
-	-	-	-	記号-一般			0
large	large	large	large	名詞-普通名詞-一般			0
-	-	-	-	記号-一般			0
scale	scale	scale	scale	名詞-普通名詞-一般			0
-	-	-	-	記号-一般			0
foundation	foundation	foundation	foundation	名詞-普通名詞-一般			0
-	-	-	-	記号-一般			0
model	model	model	model	名詞-普通名詞-一般			0
-	-	-	-	記号-一般			0
of	of	of	of	名詞-普通名詞-一般			0
-	-	-	-	記号-一般			0
the	the	the	the	名詞-普通名詞-一般			0
-	-	-	-	記号-一般			0
atmosphere	atmosphere	atmosphere	atmosphere	名詞-普通名詞-一般			0
/			／	補助記号-一般			
Superfast	Superfast	Superfast	Superfast	名詞-普通名詞-一般			0
Microsoft	Microsoft	Microsoft	Microsoft	名詞-普通名詞-一般			0
AI	AI	AI	AI	名詞-普通名詞-一般			0
is	is	is	is	名詞-普通名詞-一般			0
first	first	first	first	名詞-普通名詞-一般			0
to	to	to	to	名詞-普通名詞-一般			0
predict	predict	predict	predict	名詞-普通名詞-一般			0
air	air	air	air	名詞-普通名詞-一般			0
pollution	pollution	pollution	pollution	名詞-普通名詞-一般			0
for	for	for	for	名詞-普通名詞-一般			0
the	the	the	the	名詞-普通名詞-一般			0
whole	whole	whole	whole	名詞-普通名詞-一般			0
world	world	world	world	名詞-普通名詞-一般			0
https	https	https	https	名詞-普通名詞-一般			0
:			：	補助記号-一般			
/			／	補助記号-一般			
/			／	補助記号-一般			
www	www	www	www	名詞-普通名詞-一般			0
.			．	補助記号-句点			
nature	nature	nature	nature	名詞-普通名詞-一般			0
.			．	補助記号-句点			
com	com	com	com	名詞-普通名詞-一般			0
/			／	補助記号-一般			
articles	articles	articles	articles	名詞-普通名詞-一般			0
/			／	補助記号-一般			
d	d	d	d	名詞-普通名詞-一般			0
41586	41586	41586	41586	名詞-数詞			0
-	-	-	-	記号-一般			0
024	024	024	024	名詞-数詞			0
-	-	-	-	記号-一般			0
01677	01677	01677	01677	名詞-数詞			0
-	-	-	-	記号-一般			0
2	2	2	2	名詞-数詞			0
2023	2023	2023	2023	名詞-数詞			0
年	ネン	ネン	年	名詞-普通名詞-助数詞可能			1
11	11	11	11	名詞-数詞			0
月	ガツ	ガツ	月	名詞-普通名詞-助数詞可能			1
に	ニ	ニ	に	助詞-格助詞			
ヨーロッパ	ヨーロッパ	ヨーロッパ	ヨーロッパ-Europa	名詞-固有名詞-地名-一般			3
を	オ	ヲ	を	助詞-格助詞			
襲っ	オソッ	オソウ	襲う	動詞-一般	五段-ワア行	連用形-促音便	0,2
た	タ	タ	た	助動詞	助動詞-タ	連体形-一般	
爆弾	バクダン	バクダン	爆弾	名詞-普通名詞-一般			0
低	テー	テイ	低	接頭辞			
気圧	キアツ	キアツ	気圧	名詞-普通名詞-一般			0
「			「	補助記号-括弧開			
キ	キ	キ	キ	記号-一般			1
ア	ア	ア	ア	記号-一般			1
ラン	ラン	ラン	ラン-run	名詞-普通名詞-サ変可能			1
」			」	補助記号-括弧閉			
の	ノ	ノ	の	助詞-格助詞			
想定	ソーテー	ソウテイ	想定	名詞-普通名詞-サ変可能			0
外	ガイ	ガイ	外	接尾辞-名詞的-一般			
の	ノ	ノ	の	助詞-格助詞			
破壊	ハカイ	ハカイ	破壊	名詞-普通名詞-サ変可能			0
力	リョク	リョク	力	接尾辞-名詞的-一般			
は	ワ	ハ	は	助詞-係助詞			
、			、	補助記号-読点			
イギリス	イギリス	イギリス	イギリス-Inglez	名詞-固有名詞-地名-国			0
や	ヤ	ヤ	や	助詞-副助詞			
フランス	フランス	フランス	フランス-France	名詞-固有名詞-地名-国			0
を	オ	ヲ	を	助詞-格助詞			
中心	チューシン	チュウシン	中心	名詞-普通名詞-一般			0
と	ト	ト	と	助詞-格助詞			
し	シ	スル	為る	動詞-非自立可能	サ行変格	連用形-一般	0
た	タ	タ	た	助動詞	助動詞-タ	連体形-一般	
地域	チイキ	チイキ	地域	名詞-普通名詞-一般			1
に	ニ	ニ	に	助詞-格助詞			
深い	フカイ	フカイ	深い	形容詞-一般	形容詞	連体形-一般	2
爪痕	ツメアト	ツメアト	爪痕	名詞-普通名詞-一般			0
を	オ	ヲ	を	助詞-格助詞			
残す	ノコス	ノコス	残す	動詞-一般	五段-サ行	終止形-一般	2
と	ト	ト	と	助詞-格助詞			
とも	トモ	トモ	共	名詞-普通名詞-一般			0,1
に	ニ	ニ	に	助詞-格助詞			
、			、	補助記号-読点			
既存	キソン	キソン	既存	名詞-普通名詞-サ変可能			0
の	ノ	ノ	の	助詞-格助詞			
気象	キショー	キショウ	気象	名詞-普通名詞-一般			0
予測	ヨソク	ヨソク	予測	名詞-普通名詞-サ変可能			0
モデル	モデル	モデル	モデル-model	名詞-普通名詞-一般			0,1
の	ノ	ノ	の	助詞-格助詞			
限界	ゲンカイ	ゲンカイ	限界	名詞-普通名詞-一般			0
を	オ	ヲ	を	助詞-格助詞			
突きつけ	ツキツケ	ツキツケル	突き付ける	動詞-一般	下一段-カ行	連用形-一般	4
まし	マシ	マス	ます	助動詞	助動詞-マス	連用形-一般	
た	タ	タ	た	助動詞	助動詞-タ	終止形-一般	
。			。	補助記号-句点			
by	by	by	by	名詞-普通名詞-一般			0
Xfigpower	Xfigpower	Xfigpower	Xfigpower	名詞-普通名詞-一般			0
この	コノ	コノ	此の	連体詞			0
よう	ヨー	ヨウ	様	形状詞-助動詞語幹			1
な	ナ	ダ	だ	助動詞	助動詞-ダ	連体形-一般	
課題	カダイ	カダイ	課題	名詞-普通名詞-一般			0
に	ニ	ニ	に	助詞-格助詞			
対処	タイショ	タイショ	対処	名詞-普通名詞-サ変可能			1
する	スル	スル	為る	動詞-非自立可能	サ行変格	連体形-一般	0
ため	タメ	タメ	為	名詞-普通名詞-副詞可能			2
に	ニ	ニ	に	助詞-格助詞			
、			、	補助記号-読点			
Microsoft	Microsoft	Microsoft	Microsoft	名詞-普通名詞-一般			0
は	ワ	ハ	は	助詞-係助詞			
膨大	ボーダイ	ボウダイ	膨大	名詞-普通名詞-サ変形状詞可能			0
な	ナ	ダ	だ	助動詞	助動詞-ダ	連体形-一般	
大気	タイキ	タイキ	大気	名詞-普通名詞-一般			1
データ	データ	データ	データ-data	名詞-普通名詞-一般			1,0
を	オ	ヲ	を	助詞-格助詞			
迅速	ジンソク	ジンソク	迅速	形状詞-一般			0
に	ニ	ダ	だ	助動詞	助動詞-ダ	連用形-ニ	
分析	ブンセキ	ブンセキ	分析	名詞-普通名詞-サ変可能			0
できる	デキル	デキル	出来る	動詞-非自立可能	上一段-カ行	連体形-一般	2
AI	AI	AI	AI	名詞-普通名詞-一般			0
「			「	補助記号-括弧開			
Aurora	Aurora	Aurora	Aurora	名詞-普通名詞-一般			0
」			」	補助記号-括弧閉			
を	オ	ヲ	を	助詞-格助詞			
開発	カイハツ	カイハツ	開発	名詞-普通名詞-サ変可能			0
し	シ	スル	為る	動詞-非自立可能	サ行変格	連用形-一般	0
まし	マシ	マス	ます	助動詞	助動詞-マス	連用形-一般	
た	タ	タ	た	助動詞	助動詞-タ	終止形-一般	
。			。	補助記号-句点			
Aurora	Aurora	Aurora	Aurora	名詞-普通名詞-一般			0
は	ワ	ハ	は	助詞-係助詞			
100	100	100	100	名詞-数詞			0
万	マン	マン	万	名詞-数詞			1
時間	ジカン	ジカン	時間	名詞-普通名詞-助数詞可能			0
を	オ	ヲ	を	助詞-格助詞			
超える	コエル	コエル	越える	動詞-一般	下一段-ア行	連体形-一般	0
多様	タヨー	タヨウ	多様	形状詞-一般			0
な	ナ	ダ	だ	助動詞	助動詞-ダ	連体形-一般	
気象	キショー	キショウ	気象	名詞-普通名詞-一般			0
データ	データ	データ	データ-data	名詞-普通名詞-一般			1,0
および	オヨビ	オヨビ	及び	接続詞			0,1
気候	キコー	キコウ	気候	名詞-普通名詞-一般			0
シミュレーション	シミュレーション	シミュレーション	シミュレーション-simulation	名詞-普通名詞-サ変可能			0,3
で	デ	デ	で	助詞-格助詞			
トレーニング	トレーニング	トレーニング	トレーニング-training	名詞-普通名詞-サ変可能			2
さ	サ	スル	為る	動詞-非自立可能	サ行変格	未然形-サ	0
れ	レ	レル	れる	助動詞	助動詞-レル	連用形-一般	
た	タ	タ	た	助動詞	助動詞-タ	連体形-一般	
パラー	パラー	パラー	パラー-Para	名詞-固有名詞-地名-一般			1
メーター	メーター	メートル	メートル-metre	名詞-普通名詞-助数詞可能			0
数	スー	スウ	数	名詞-普通名詞-一般			1
13	13	13	13	名詞-数詞			0
億	オク	オク	億	名詞-数詞			1
の	ノ	ノ	の	助詞-格助詞			
基盤	キバン	キバン	基盤	名詞-普通名詞-一般			0
モデル	モデル	モデル	モデル-model	名詞-普通名詞-一般			0,1
で	デ	デ	で	助詞-格助詞			
、			、	補助記号-読点			
10	10	10	10	名詞-数詞			0
日間	カカン	カカン	日間	名詞-普通名詞-助数詞可能			1
の	ノ	ノ	の	助詞-格助詞			
世界	セカイ	セカイ	世界	名詞-普通名詞-一般			1,2
天気	テンキ	テンキ	天気	名詞-普通名詞-一般			1
予報	ヨホー	ヨホウ	予報	名詞-普通名詞-サ変可能			0
を	オ	ヲ	を	助詞-格助詞			
1	1	1	1	名詞-数詞			0
分	ブン	ブン	分	名詞-普通名詞-副詞可能			1
で	デ	デ	で	助詞-格助詞			
こなす	コナス	コナス	熟す	動詞-非自立可能	五段-サ行	連体形-一般	0
こと	コト	コト	事	名詞-普通名詞-一般			2
が	ガ	ガ	が	助詞-格助詞			
できる	デキル	デキル	出来る	動詞-非自立可能	上一段-カ行	終止形-一般	2
と	ト	ト	と	助詞-格助詞			
の	ノ	ノ	の	助詞-格助詞			
こと	コト	コト	事	名詞-普通名詞-一般			2
。			。	補助記号-句点			
Aurora	Aurora	Aurora	Aurora	名詞-普通名詞-一般			0
は	ワ	ハ	は	助詞-係助詞			
また	マタ	マタ	又	接続詞			0
、			、	補助記号-読点			
現行	ゲンコー	ゲンコウ	現行	名詞-普通名詞-一般			0
で	デ	デ	で	助詞-格助詞			
は	ワ	ハ	は	助詞-係助詞			
最	サイ	サイ	最	接頭辞			
先端	センタン	センタン	先端	名詞-普通名詞-一般			0
の	ノ	ノ	の	助詞-格助詞			
数値	スーチ	スウチ	数値	名詞-普通名詞-一般			1
予報	ヨホー	ヨホウ	予報	名詞-普通名詞-サ変可能			0
モデル	モデル	モデル	モデル-model	名詞-普通名詞-一般			0,1
で	デ	ダ	だ	助動詞	助動詞-ダ	連用形-一般	
ある	アル	アル	有る	動詞-非自立可能	五段-ラ行	連体形-一般	1
統合	トーゴー	トウゴウ	統合	名詞-普通名詞-サ変可能			0
予報	ヨホー	ヨホウ	予報	名詞-普通名詞-サ変可能			0
システム	システム	システム	システム-system	名詞-普通名詞-一般			1
(			（	補助記号-括弧開			
IFS	IFS	IFS	IFS	名詞-普通名詞-一般			0
)			）	補助記号-括弧閉			
に	ニ	ニ	に	助詞-格助詞			
比べ	クラベ	クラベル	比べる	動詞-一般	下一段-バ行	連用形-一般	0
て	テ	テ	て	助詞-接続助詞			
約	ヤク	ヤク	約	接頭辞			
5000	5000	5000	5000	名詞-数詞			0
倍	バイ	バイ	倍	名詞-普通名詞-助数詞可能			0,1
の	ノ	ノ	の	助詞-格助詞			
計算	ケーサン	ケイサン	計算	名詞-普通名詞-サ変可能			0
速度	ソクド	ソクド	速度	名詞-普通名詞-一般			1
を	オ	ヲ	を	助詞-格助詞			
誇る	ホコル	ホコル	誇る	動詞-一般	五段-ラ行	連体形-一般	2
ほか	ホカ	ホカ	他	名詞-普通名詞-副詞可能			0
、			、	補助記号-読点			
精度	セード	セイド	精度	名詞-普通名詞-一般			1
や	ヤ	ヤ	や	助詞-副助詞			
効率	コーリツ	コウリツ	効率	名詞-普通名詞-一般			0
性	セー	セイ	性	接尾辞-名詞的-一般			
、			、	補助記号-読点			
応用	オーヨー	オウヨウ	応用	名詞-普通名詞-サ変可能			0
性	セー	セイ	性	接尾辞-名詞的-一般			
に	ニ	ニ	に	助詞-格助詞			
も	モ	モ	も	助詞-係助詞			
優れ	スグレ	スグレル	優れる	動詞-一般	下一段-ラ行	連用形-一般	3
て	テ	テ	て	助詞-接続助詞			
おり	オリ	オル	居る	動詞-非自立可能	五段-ラ行	連用形-一般	1
、			、	補助記号-読点			
気温	キオン	キオン	気温	名詞-普通名詞-一般			0
や	ヤ	ヤ	や	助詞-副助詞			
風速	フーソク	フウソク	風速	名詞-普通名詞-一般			0
から	カラ	カラ	から	助詞-格助詞			
大気	タイキ	タイキ	大気	名詞-普通名詞-一般			1
汚染	オセン	オセン	汚染	名詞-普通名詞-サ変可能			0
、			、	補助記号-読点			
温室	オンシツ	オンシツ	温室	名詞-普通名詞-一般			0
効果	コーカ	コウカ	効果	名詞-普通名詞-一般			1
ガス	ガス	ガス	ガス-gas	名詞-普通名詞-一般			1
の	ノ	ノ	の	助詞-格助詞			
濃度	ノード	ノウド	濃度	名詞-普通名詞-一般			1
まで	マデ	マデ	まで	助詞-副助詞			
、			、	補助記号-読点			
大気	タイキ	タイキ	大気	名詞-普通名詞-一般			1
の	ノ	ノ	の	助詞-格助詞			
状態	ジョータイ	ジョウタイ	状態	名詞-普通名詞-一般			0
を	オ	ヲ	を	助詞-格助詞			
示す	シメス	シメス	示す	動詞-一般	五段-サ行	連体形-一般	2,0
さまざま	サマザマ	サマザマ	様々	形状詞-一般			2,3
な	ナ	ダ	だ	助動詞	助動詞-ダ	連体形-一般	
変数	ヘンスー	ヘンスウ	変数	名詞-普通名詞-一般			3
を	オ	ヲ	を	助詞-格助詞			
予測	ヨソク	ヨソク	予測	名詞-普通名詞-サ変可能			0
でき	デキ	デキル	出来る	動詞-非自立可能	上一段-カ行	連用形-一般	2
ます	マス	マス	ます	助動詞	助動詞-マス	終止形-一般	
。			。	補助記号-句点			
以下	イカ	イカ	以下	名詞-普通名詞-一般			1
は	ワ	ハ	は	助詞-係助詞			
、			、	補助記号-読点			
大気	タイキ	タイキ	大気	名詞-普通名詞-一般			1
汚染	オセン	オセン	汚染	名詞-普通名詞-サ変可能			0
の	ノ	ノ	の	助詞-格助詞			
指標	シヒョー	シヒョウ	指標	名詞-普通名詞-一般			0
と	ト	ト	と	助詞-格助詞			
なる	ナル	ナル	成る	動詞-非自立可能	五段-ラ行	連体形-一般	1
「			「	補助記号-括弧開			
大気	タイキ	タイキ	大気	名詞-普通名詞-一般			1
中	チュー	チュウ	中	接尾辞-名詞的-副詞可能			
の	ノ	ノ	の	助詞-格助詞			
全二	ゼンジ	ゼンジ	ゼンジ	名詞-固有名詞-人名-名			1
酸化	サンカ	サンカ	酸化	名詞-普通名詞-サ変可能			0
窒素	チッソ	チッソ	窒素	名詞-普通名詞-一般			1
量	リョー	リョウ	量	名詞-普通名詞-一般			1
」			」	補助記号-括弧閉			
を	オ	ヲ	を	助詞-格助詞			
Aurora	Aurora	Aurora	Aurora	名詞-普通名詞-一般			0
に	ニ	ニ	に	助詞-格助詞			
よる	ヨル	ヨル	因る	動詞-一般	五段-ラ行	連体形-一般	0
予測	ヨソク	ヨソク	予測	名詞-普通名詞-サ変可能			0
(			（	補助記号-括弧開			
上	ウエ	ウエ	上	名詞-普通名詞-副詞可能			0,2
)			）	補助記号-括弧閉			
と	ト	ト	と	助詞-格助詞			
欧州	オーシュー	オウシュウ	オウシュウ-外国	名詞-固有名詞-地名-一般			1
中期	チューキ	チュウキ	中期	名詞-普通名詞-副詞可能			1
予報	ヨホー	ヨホウ	予報	名詞-普通名詞-サ変可能			0
センター	センター	センター	センター-center	名詞-普通名詞-一般			1
(			（	補助記号-括弧開			
ECMWF	ECMWF	ECMWF	ECMWF	名詞-普通名詞-一般			0
)			）	補助記号-括弧閉			
が	ガ	ガ	が	助詞-格助詞			
運用	ウンヨー	ウンヨウ	運用	名詞-普通名詞-サ変可能			0
し	シ	スル	為る	動詞-非自立可能	サ行変格	連用形-一般	0
て	テ	テ	て	助詞-接続助詞			
いる	イル	イル	居る	動詞-非自立可能	上一段-ア行	連体形-一般	0
コペルニクス	コペルニクス	コペルニクス	コペルニクス-Copernicus	名詞-固有名詞-人名-一般			4
大気	タイキ	タイキ	大気	名詞-普通名詞-一般			1
監視	カンシ	カンシ	監視	名詞-普通名詞-サ変可能			0
サービス	サービス	サービス	サービス-service	名詞-普通名詞-サ変可能			1
(			（	補助記号-括弧開			
CAMS	CAMS	CAMS	CAMS	名詞-普通名詞-一般			0
)			）	補助記号-括弧閉			
の	ノ	ノ	の	助詞-格助詞			
データ	データ	データ	データ-data	名詞-普通名詞-一般			1,0
(			（	補助記号-括弧開			
下	シタ	シタ	下	名詞-普通名詞-一般			0
)			）	補助記号-括弧閉			
と	ト	ト	と	助詞-格助詞			
を	オ	ヲ	を	助詞-格助詞			
比較	ヒカク	ヒカク	比較	名詞-普通名詞-サ変可能			0
し	シ	スル	為る	動詞-非自立可能	サ行変格	連用形-一般	0
た	タ	タ	た	助動詞	助動詞-タ	連体形-一般	
もの	モノ	モノ	物	名詞-普通名詞-サ変可能			2,0
。			。	補助記号-句点			
二	ニ	ニ	二	名詞-数詞			1
酸化	サンカ	サンカ	酸化	名詞-普通名詞-サ変可能			0
窒素	チッソ	チッソ	窒素	名詞-普通名詞-一般			1
は	ワ	ハ	は	助詞-係助詞			
東	ヒガシ	ヒガシ	東	名詞-普通名詞-一般			0,3
アジア	アジア	アジア	アジア-Asia	名詞-固有名詞-地名-一般			1
の	ノ	ノ	の	助詞-格助詞			
人口	ジンコー	ジンコウ	人口	名詞-普通名詞-一般			0
密集	ミッシュー	ミッシュウ	密集	名詞-普通名詞-サ変可能			0
地	チ	チ	地	名詞-普通名詞-一般			1
に	ニ	ニ	に	助詞-格助詞			
偏在	ヘンザイ	ヘンザイ	偏在	名詞-普通名詞-サ変可能			0
する	スル	スル	為る	動詞-非自立可能	サ行変格	連体形-一般	0
傾向	ケーコー	ケイコウ	傾向	名詞-普通名詞-一般			0
が	ガ	ガ	が	助詞-格助詞			
あり	アリ	アル	有る	動詞-非自立可能	五段-ラ行	連用形-一般	1
ます	マス	マス	ます	助動詞	助動詞-マス	終止形-一般	
が	ガ	ガ	が	助詞-接続助詞			
、			、	補助記号-読点			
Aurora	Aurora	Aurora	Aurora	名詞-普通名詞-一般			0
は	ワ	ハ	は	助詞-係助詞			
この	コノ	コノ	此の	連体詞			0
よう	ヨー	ヨウ	様	形状詞-助動詞語幹			1
な	ナ	ダ	だ	助動詞	助動詞-ダ	連体形-一般	
汚染	オセン	オセン	汚染	名詞-普通名詞-サ変可能			0
物質	ブッシツ	ブッシツ	物質	名詞-普通名詞-一般			0
の	ノ	ノ	の	助詞-格助詞			
局地	キョクチ	キョクチ	局地	名詞-普通名詞-一般			1
的	テキ	テキ	的	接尾辞-形状詞的			
な	ナ	ダ	だ	助動詞	助動詞-ダ	連体形-一般	
分布	ブンプ	ブンプ	分布	名詞-普通名詞-サ変可能			0,1
と	ト	ト	と	助詞-格助詞			
世界	セカイ	セカイ	世界	名詞-普通名詞-一般			1,2
的	テキ	テキ	的	接尾辞-形状詞的			
な	ナ	ダ	だ	助動詞	助動詞-ダ	連体形-一般	
分布	ブンプ	ブンプ	分布	名詞-普通名詞-サ変可能			0,1
の	ノ	ノ	の	助詞-格助詞			
両方	リョーホー	リョウホウ	両方	名詞-普通名詞-一般			0,3
を	オ	ヲ	を	助詞-格助詞			
正確	セーカク	セイカク	正確	名詞-普通名詞-形状詞可能			0
に	ニ	ダ	だ	助動詞	助動詞-ダ	連用形-ニ	
捉える	トラエル	トラエル	捕らえる	動詞-一般	下一段-ア行	連体形-一般	3
こと	コト	コト	事	名詞-普通名詞-一般			2
が	ガ	ガ	が	助詞-格助詞			
でき	デキ	デキル	出来る	動詞-非自立可能	上一段-カ行	連用形-一般	2
まし	マシ	マス	ます	助動詞	助動詞-マス	連用形-一般	
た	タ	タ	た	助動詞	助動詞-タ	終止形-一般	
。			。	補助記号-句点			
また	マタ	マタ	又	接続詞			0
、			、	補助記号-読点			
以下	イカ	イカ	以下	名詞-普通名詞-一般			1
は	ワ	ハ	は	助詞-係助詞			
CAMS	CAMS	CAMS	CAMS	名詞-普通名詞-一般			0
に	ニ	ニ	に	助詞-格助詞			
対する	タイスル	タイスル	対する	動詞-一般	サ行変格	連体形-一般	3
Aurora	Aurora	Aurora	Aurora	名詞-普通名詞-一般			0
の	ノ	ノ	の	助詞-格助詞			
二	ニ	ニ	二	名詞-数詞			1
乗	ジョー	ジョウ	乗	名詞-普通名詞-助数詞可能			1
平均	ヘーキン	ヘイキン	平均	名詞-普通名詞-サ変可能			0
平方	ヘーホー	ヘイホウ	平方	名詞-普通名詞-サ変可能			0
根	コン	コン	根	名詞-普通名詞-一般			1,2,0
誤差	ゴサ	ゴサ	誤差	名詞-普通名詞-一般			1
(			（	補助記号-括弧開			
RMSE	RMSE	RMSE	RMSE	名詞-普通名詞-一般			0
)			）	補助記号-括弧閉			
を	オ	ヲ	を	助詞-格助詞			
表し	アラワシ	アラワス	表わす	動詞-一般	五段-サ行	連用形-一般	3
た	タ	タ	た	助動詞	助動詞-タ	連体形-一般	
もの	モノ	モノ	物	名詞-普通名詞-サ変可能			2,0
で	デ	ダ	だ	助動詞	助動詞-ダ	連用形-一般	
、			、	補助記号-読点			
負	フ	フ	負	名詞-普通名詞-一般			1
の	ノ	ノ	の	助詞-格助詞			
値	アタイ	アタイ	値	名詞-普通名詞-サ変可能			0
(			（	補助記号-括弧開			
青色	アオイロ	アオイロ	青色	名詞-普通名詞-一般			0
)			）	補助記号-括弧閉			
ほど	ホド	ホド	ほど	助詞-副助詞			
Aurora	Aurora	Aurora	Aurora	名詞-普通名詞-一般			0
が	ガ	ガ	が	助詞-格助詞			
優れ	スグレ	スグレル	優れる	動詞-一般	下一段-ラ行	連用形-一般	3
て	テ	テ	て	助詞-接続助詞			
いる	イル	イル	居る	動詞-非自立可能	上一段-ア行	連体形-一般	0
こと	コト	コト	事	名詞-普通名詞-一般			2
を	オ	ヲ	を	助詞-格助詞			
意味	イミ	イミ	意味	名詞-普通名詞-サ変可能			1
し	シ	スル	為る	動詞-非自立可能	サ行変格	連用形-一般	0
て	テ	テ	て	助詞-接続助詞			
い	イ	イル	居る	動詞-非自立可能	上一段-ア行	連用形-一般	0
ます	マス	マス	ます	助動詞	助動詞-マス	終止形-一般	
。			。	補助記号-句点			
一	イチ	イチ	一	名詞-数詞			2
酸化	サンカ	サンカ	酸化	名詞-普通名詞-サ変可能			0
炭素	タンソ	タンソ	炭素	名詞-普通名詞-一般			1
(			（	補助記号-括弧開			
CO	CO	CO	CO	名詞-普通名詞-一般			0
)			）	補助記号-括弧閉			
や	ヤ	ヤ	や	助詞-副助詞			
一	イチ	イチ	一	名詞-数詞			2
酸化	サンカ	サンカ	酸化	名詞-普通名詞-サ変可能			0
窒素	チッソ	チッソ	窒素	名詞-普通名詞-一般			1
(			（	補助記号-括弧開			
NO	NO	NO	NO	名詞-普通名詞-一般			0
)			）	補助記号-括弧閉			
など	ナド	ナド	など	助詞-副助詞			
さまざま	サマザマ	サマザマ	様々	形状詞-一般			2,3
な	ナ	ダ	だ	助動詞	助動詞-ダ	連体形-一般	
指標	シヒョー	シヒョウ	指標	名詞-普通名詞-一般			0
に	ニ	ニ	に	助詞-格助詞			
おい	オイ	オク	於く	動詞-一般	五段-カ行	連用形-イ音便	1
て	テ	テ	て	助詞-接続助詞			
、			、	補助記号-読点			
Aurora	Aurora	Aurora	Aurora	名詞-普通名詞-一般			0
は	ワ	ハ	は	助詞-係助詞			
ターゲット	ターゲット	ターゲット	ターゲット-target	名詞-普通名詞-一般			1
の	ノ	ノ	の	助詞-格助詞			
74	74	74	74	名詞-数詞			0
％	パーセント	パーセント	パーセント-percent	名詞-普通名詞-助数詞可能			3
で	デ	デ	で	助詞-格助詞			
CAMS	CAMS	CAMS	CAMS	名詞-普通名詞-一般			0
と	ト	ト	と	助詞-格助詞			
同等	ドートー	ドウトウ	同等	形状詞-一般			0
以上	イジョー	イジョウ	以上	名詞-普通名詞-副詞可能			1
の	ノ	ノ	の	助詞-格助詞			
パフォーマンス	パフォーマンス	パフォーマンス	パフォーマンス-performance	名詞-普通名詞-一般			2
を	オ	ヲ	を	助詞-格助詞			
示し	シメシ	シメス	示す	動詞-一般	五段-サ行	連用形-一般	2,0
まし	マシ	マス	ます	助動詞	助動詞-マス	連用形-一般	
た	タ	タ	た	助動詞	助動詞-タ	終止形-一般	
。			。	補助記号-句点			
Microsoft	Microsoft	Microsoft	Microsoft	名詞-普通名詞-一般			0
Research	Research	Research	Research	名詞-普通名詞-一般			0
AI	AI	AI	AI	名詞-普通名詞-一般			0
for	for	for	for	名詞-普通名詞-一般			0
Science	Science	Science	Science	名詞-普通名詞-一般			0
の	ノ	ノ	の	助詞-格助詞			
AI	AI	AI	AI	名詞-普通名詞-一般			0
研究	ケンキュー	ケンキュウ	研究	名詞-普通名詞-サ変可能			0
者	シャ	シャ	者	接尾辞-名詞的-一般			
で	デ	ダ	だ	助動詞	助動詞-ダ	連用形-一般	
ある	アル	アル	有る	動詞-非自立可能	五段-ラ行	連体形-一般	1
パリス	パリス	パリス	パリス-Paris	名詞-固有名詞-人名-一般			1
・			・	補助記号-一般			
ペルディカリス	ペルディカリス	ペルディカリス	ペルディカリス	名詞-固有名詞-人名-一般			0
氏	シ	シ	氏	接尾辞-名詞的-一般			
ら	ラ	ラ	等	接尾辞-名詞的-一般			
の	ノ	ノ	の	助詞-格助詞			
検証	ケンショー	ケンショウ	検証	名詞-普通名詞-サ変可能			0
に	ニ	ニ	に	助詞-格助詞			
よる	ヨル	ヨル	因る	動詞-一般	五段-ラ行	終止形-一般	0
と	ト	ト	と	助詞-接続助詞			
、			、	補助記号-読点			
Aurora	Aurora	Aurora	Aurora	名詞-普通名詞-一般			0
は	ワ	ハ	は	助詞-係助詞			
主要	シュヨー	シュヨウ	主要	形状詞-一般			0
な	ナ	ダ	だ	助動詞	助動詞-ダ	連体形-一般	
大気	タイキ	タイキ	大気	名詞-普通名詞-一般			1
汚染	オセン	オセン	汚染	名詞-普通名詞-サ変可能			0
の	ノ	ノ	の	助詞-格助詞			
指標	シヒョー	シヒョウ	指標	名詞-普通名詞-一般			0
(			（	補助記号-括弧開			
一	イチ	イチ	一	名詞-数詞			2
酸化	サンカ	サンカ	酸化	名詞-普通名詞-サ変可能			0
炭素	タンソ	タンソ	炭素	名詞-普通名詞-一般			1
、			、	補助記号-読点			
酸化	サンカ	サンカ	酸化	名詞-普通名詞-サ変可能			0
窒素	チッソ	チッソ	窒素	名詞-普通名詞-一般			1
、			、	補助記号-読点			
二	ニ	ニ	二	名詞-数詞			1
酸化	サンカ	サンカ	酸化	名詞-普通名詞-サ変可能			0
窒素	チッソ	チッソ	窒素	名詞-普通名詞-一般			1
、			、	補助記号-読点			
二	ニ	ニ	二	名詞-数詞			1
酸化	サンカ	サンカ	酸化	名詞-普通名詞-サ変可能			0
硫黄	イオー	イオウ	硫黄	名詞-普通名詞-一般			0
、			、	補助記号-読点			
オゾン	オゾン	オゾン	オゾン-ozone	名詞-普通名詞-一般			1
、			、	補助記号-読点			
粒子	リューシ	リュウシ	粒子	名詞-普通名詞-一般			1
状	ジョー	ジョウ	状	接尾辞-名詞的-一般			
物質	ブッシツ	ブッシツ	物質	名詞-普通名詞-一般			0
)			）	補助記号-括弧閉			
の	ノ	ノ	の	助詞-格助詞			
5	5	5	5	名詞-数詞			0
日間	カカン	カカン	日間	名詞-普通名詞-助数詞可能			1
の	ノ	ノ	の	助詞-格助詞			
世界	セカイ	セカイ	世界	名詞-普通名詞-一般			1,2
的	テキ	テキ	的	接尾辞-形状詞的			
な	ナ	ダ	だ	助動詞	助動詞-ダ	連体形-一般	
動き	ウゴキ	ウゴキ	動き	名詞-普通名詞-一般			3
を	オ	ヲ	を	助詞-格助詞			
1	1	1	1	名詞-数詞			0
分	フン	フン	分	名詞-普通名詞-助数詞可能			1
以内	イナイ	イナイ	以内	名詞-普通名詞-副詞可能			1
に	ニ	ニ	に	助詞-格助詞			
予測	ヨソク	ヨソク	予測	名詞-普通名詞-サ変可能			0
でき	デキ	デキル	出来る	動詞-非自立可能	上一段-カ行	連用形-一般	2
た	タ	タ	た	助動詞	助動詞-タ	終止形-一般	
と	ト	ト	と	助詞-格助詞			
の	ノ	ノ	の	助詞-格助詞			
こと	コト	コト	事	名詞-普通名詞-一般			2
。			。	補助記号-句点			
しかも	シカモ	シカモ	然も	接続詞			2
、			、	補助記号-読点			
この	コノ	コノ	此の	連体詞			0
予測	ヨソク	ヨソク	予測	名詞-普通名詞-サ変可能			0
は	ワ	ハ	は	助詞-係助詞			
CAMS	CAMS	CAMS	CAMS	名詞-普通名詞-一般			0
に	ニ	ニ	に	助詞-格助詞			
比べ	クラベ	クラベル	比べる	動詞-一般	下一段-バ行	連用形-一般	0
て	テ	テ	て	助詞-接続助詞			
桁違い	ケタチガイ	ケタチガイ	桁違い	形状詞-一般			3
に	ニ	ダ	だ	助動詞	助動詞-ダ	連用形-ニ	
少ない	スクナイ	スクナイ	少ない	形容詞-一般	形容詞	連体形-一般	3
計算	ケーサン	ケイサン	計算	名詞-普通名詞-サ変可能			0
コスト	コスト	コスト	コスト-cost	名詞-普通名詞-一般			1
で	デ	デ	で	助詞-格助詞			
実現	ジツゲン	ジツゲン	実現	名詞-普通名詞-サ変可能			0
し	シ	スル	為る	動詞-非自立可能	サ行変格	連用形-一般	0
まし	マシ	マス	ます	助動詞	助動詞-マス	連用形-一般	
た	タ	タ	た	助動詞	助動詞-タ	終止形-一般	
。			。	補助記号-句点			
ECMWF	ECMWF	ECMWF	ECMWF	名詞-普通名詞-一般			0
の	ノ	ノ	の	助詞-格助詞			
機械	キカイ	キカイ	機械	名詞-普通名詞-一般			2
学習	ガクシュー	ガクシュウ	学習	名詞-普通名詞-サ変可能			0
研究	ケンキュー	ケンキュウ	研究	名詞-普通名詞-サ変可能			0
者	シャ	シャ	者	接尾辞-名詞的-一般			
で	デ	ダ	だ	助動詞	助動詞-ダ	連用形-一般	
ある	アル	アル	有る	動詞-非自立可能	五段-ラ行	連体形-一般	1
マシュー	マシュー	マシュー	マシュー-Matthew	名詞-固有名詞-人名-一般			1
・			・	補助記号-一般			
チャントリー	チャントリー	チャントリー	チャントリー	名詞-固有名詞-人名-一般			0
氏	シ	シ	氏	接尾辞-名詞的-一般			
は	ワ	ハ	は	助詞-係助詞			
、			、	補助記号-読点			
Microsoft	Microsoft	Microsoft	Microsoft	名詞-普通名詞-一般			0
の	ノ	ノ	の	助詞-格助詞			
研究	ケンキュー	ケンキュウ	研究	名詞-普通名詞-サ変可能			0
結果	ケッカ	ケッカ	結果	名詞-普通名詞-副詞可能			0,1
に	ニ	ニ	に	助詞-格助詞			
つい	ツイ	ツク	つく	動詞-一般	五段-カ行	連用形-イ音便	1,2
て	テ	テ	て	助詞-接続助詞			
「			「	補助記号-括弧開			
この	コノ	コノ	此の	連体詞			0
分野	ブンヤ	ブンヤ	分野	名詞-普通名詞-一般			1
の	ノ	ノ	の	助詞-格助詞			
研究	ケンキュー	ケンキュウ	研究	名詞-普通名詞-サ変可能			0
者	シャ	シャ	者	接尾辞-名詞的-一般			
は	ワ	ハ	は	助詞-係助詞			
これ	コレ	コレ	此れ	代名詞			0
まで	マデ	マデ	まで	助詞-副助詞			
、			、	補助記号-読点			
従来	ジューライ	ジュウライ	従来	名詞-普通名詞-副詞可能			1
の	ノ	ノ	の	助詞-格助詞			
数学	スーガク	スウガク	数学	名詞-普通名詞-一般			0
モデル	モデル	モデル	モデル-model	名詞-普通名詞-一般			0,1
と	ト	ト	と	助詞-格助詞			
機械	キカイ	キカイ	機械	名詞-普通名詞-一般			2
学習	ガクシュー	ガクシュウ	学習	名詞-普通名詞-サ変可能			0
に	ニ	ニ	に	助詞-格助詞			
頼っ	タヨッ	タヨル	頼る	動詞-一般	五段-ラ行	連用形-促音便	2
て	テ	テ	て	助詞-接続助詞			
き	キ	クル	来る	動詞-非自立可能	カ行変格	連用形-一般	1
まし	マシ	マス	ます	助動詞	助動詞-マス	連用形-一般	
た	タ	タ	た	助動詞	助動詞-タ	終止形-一般	
。			。	補助記号-句点			
一方	イッポー	イッポウ	一方	接続詞			3
、			、	補助記号-読点			
Aurora	Aurora	Aurora	Aurora	名詞-普通名詞-一般			0
は	ワ	ハ	は	助詞-係助詞			
天気	テンキ	テンキ	天気	名詞-普通名詞-一般			1
予報	ヨホー	ヨホウ	予報	名詞-普通名詞-サ変可能			0
より	ヨリ	ヨリ	より	助詞-格助詞			
はるか	ハルカ	ハルカ	遥か	形状詞-一般			1
に	ニ	ダ	だ	助動詞	助動詞-ダ	連用形-ニ	
複雑	フクザツ	フクザツ	複雑	名詞-普通名詞-形状詞可能			0
な	ナ	ダ	だ	助動詞	助動詞-ダ	連体形-一般	
タスク	タスク	タスク	タスク-task	名詞-普通名詞-一般			1
で	デ	ダ	だ	助動詞	助動詞-ダ	連用形-一般	
ある	アル	アル	有る	動詞-非自立可能	五段-ラ行	連体形-一般	1
世界	セカイ	セカイ	世界	名詞-普通名詞-一般			1,2
的	テキ	テキ	的	接尾辞-形状詞的			
な	ナ	ダ	だ	助動詞	助動詞-ダ	連体形-一般	
大気	タイキ	タイキ	大気	名詞-普通名詞-一般			1
汚染	オセン	オセン	汚染	名詞-普通名詞-サ変可能			0
の	ノ	ノ	の	助詞-格助詞			
予測	ヨソク	ヨソク	予測	名詞-普通名詞-サ変可能			0
も	モ	モ	も	助詞-係助詞			
生成	セーセー	セイセイ	生成	名詞-普通名詞-サ変可能			0
できる	デキル	デキル	出来る	動詞-非自立可能	上一段-カ行	連体形-一般	2
最初	サイショ	サイショ	最初	名詞-普通名詞-副詞可能			0
の	ノ	ノ	の	助詞-格助詞			
AI	AI	AI	AI	名詞-普通名詞-一般			0
モデル	モデル	モデル	モデル-model	名詞-普通名詞-一般			0,1
です	デス	デス	です	助動詞	助動詞-デス	終止形-一般	
。			。	補助記号-句点			
AI	AI	AI	AI	名詞-普通名詞-一般			0
モデル	モデル	モデル	モデル-model	名詞-普通名詞-一般			0,1
の	ノ	ノ	の	助詞-格助詞			
利点	リテン	リテン	利点	名詞-普通名詞-一般			0
は	ワ	ハ	は	助詞-係助詞			
、			、	補助記号-読点			
従来	ジューライ	ジュウライ	従来	名詞-普通名詞-副詞可能			1
の	ノ	ノ	の	助詞-格助詞			
モデル	モデル	モデル	モデル-model	名詞-普通名詞-一般			0,1
より	ヨリ	ヨリ	より	助詞-格助詞			
予測	ヨソク	ヨソク	予測	名詞-普通名詞-サ変可能			0
に	ニ	ニ	に	助詞-格助詞			
必要	ヒツヨー	ヒツヨウ	必要	名詞-普通名詞-形状詞可能			0
な	ナ	ダ	だ	助動詞	助動詞-ダ	連体形-一般	
計算	ケーサン	ケイサン	計算	名詞-普通名詞-サ変可能			0
量	リョー	リョウ	量	名詞-普通名詞-一般			1
が	ガ	ガ	が	助詞-格助詞			
少ない	スクナイ	スクナイ	少ない	形容詞-一般	形容詞	連体形-一般	3
こと	コト	コト	事	名詞-普通名詞-一般			2
です	デス	デス	です	助動詞	助動詞-デス	終止形-一般	
」			」	補助記号-括弧閉			
と	ト	ト	と	助詞-格助詞			
話し	ハナシ	ハナス	話す	動詞-一般	五段-サ行	連用形-一般	2
まし	マシ	マス	ます	助動詞	助動詞-マス	連用形-一般	
た	タ	タ	た	助動詞	助動詞-タ	終止形-一般	
。			。	補助記号-句点			
Microsoft	Microsoft	Microsoft	Microsoft	名詞-普通名詞-一般			0
は	ワ	ハ	は	助詞-係助詞			
、			、	補助記号-読点			
Aurora	Aurora	Aurora	Aurora	名詞-普通名詞-一般			0
が	ガ	ガ	が	助詞-格助詞			
今後	コンゴ	コンゴ	今後	名詞-普通名詞-副詞可能			0,1
発展	ハッテン	ハッテン	発展	名詞-普通名詞-サ変可能			0
し	シ	スル	為る	動詞-非自立可能	サ行変格	連用形-一般	0
て	テ	テ	て	助詞-接続助詞			
いく	イク	イク	行く	動詞-非自立可能	五段-カ行	連体形-一般	0
AI	AI	AI	AI	名詞-普通名詞-一般			0
ベース	ベース	ベース	ベース-base	名詞-普通名詞-一般			1,0
の	ノ	ノ	の	助詞-格助詞			
環境	カンキョー	カンキョウ	環境	名詞-普通名詞-一般			0
予測	ヨソク	ヨソク	予測	名詞-普通名詞-サ変可能			0
テクノロジー	テクノロジー	テクノロジー	テクノロジー-technology	名詞-普通名詞-一般			3
の	ノ	ノ	の	助詞-格助詞			
手本	テホン	テホン	手本	名詞-普通名詞-一般			2
に	ニ	ニ	に	助詞-格助詞			
なる	ナル	ナル	成る	動詞-非自立可能	五段-ラ行	連体形-一般	1
こと	コト	コト	事	名詞-普通名詞-一般			2
を	オ	ヲ	を	助詞-格助詞			
期待	キタイ	キタイ	期待	名詞-普通名詞-サ変可能			0
し	シ	スル	為る	動詞-非自立可能	サ行変格	連用形-一般	0
て	テ	テ	て	助詞-接続助詞			
おり	オリ	オル	居る	動詞-非自立可能	五段-ラ行	連用形-一般	1
、			、	補助記号-読点			
これ	コレ	コレ	此れ	代名詞			0
に	ニ	ニ	に	助詞-格助詞			
より	ヨリ	ヨル	因る	動詞-一般	五段-ラ行	連用形-一般	0
発展	ハッテン	ハッテン	発展	名詞-普通名詞-サ変可能			0
途上	トジョー	トジョウ	途上	名詞-普通名詞-副詞可能			0
国	コク	コク	国	接尾辞-名詞的-一般			
や	ヤ	ヤ	や	助詞-副助詞			
局地	キョクチ	キョクチ	局地	名詞-普通名詞-一般			1
など	ナド	ナド	など	助詞-副助詞			
データ	データ	データ	データ-data	名詞-普通名詞-一般			1,0
が	ガ	ガ	が	助詞-格助詞			
乏しい	トボシー	トボシイ	乏しい	形容詞-一般	形容詞	連体形-一般	3,0
地域	チイキ	チイキ	地域	名詞-普通名詞-一般			1
の	ノ	ノ	の	助詞-格助詞			
正確	セーカク	セイカク	正確	名詞-普通名詞-形状詞可能			0
な	ナ	ダ	だ	助動詞	助動詞-ダ	連体形-一般	
気象	キショー	キショウ	気象	名詞-普通名詞-一般			0
情報	ジョーホー	ジョウホウ	情報	名詞-普通名詞-一般			0
の	ノ	ノ	の	助詞-格助詞			
民主	ミンシュ	ミンシュ	民主	名詞-普通名詞-一般			0,1
化	カ	カ	化	接尾辞-名詞的-サ変可能			
が	ガ	ガ	が	助詞-格助詞			
実現	ジツゲン	ジツゲン	実現	名詞-普通名詞-サ変可能			0
する	スル	スル	為る	動詞-非自立可能	サ行変格	連体形-一般	0
可能	カノー	カノウ	可能	形状詞-一般			0
性	セー	セイ	性	接尾辞-名詞的-一般			
が	ガ	ガ	が	助詞-格助詞			
ある	アル	アル	有る	動詞-非自立可能	五段-ラ行	終止形-一般	1
と	ト	ト	と	助詞-格助詞			
述べ	ノベ	ノベル	述べる	動詞-一般	下一段-バ行	連用形-一般	2
まし	マシ	マス	ます	助動詞	助動詞-マス	連用形-一般	
た	タ	タ	た	助動詞	助動詞-タ	終止形-一般	
。			。	補助記号-句点			
この	コノ	コノ	此の	連体詞			0
記事	キジ	キジ	記事	名詞-普通名詞-一般			1
の	ノ	ノ	の	助詞-格助詞			
タイトル	タイトル	タイトル	タイトル-title	名詞-普通名詞-一般			1,0
と	ト	ト	と	助詞-格助詞			
URL	URL	URL	URL	名詞-普通名詞-一般			0
を	オ	ヲ	を	助詞-格助詞			
コピー	コピー	コピー	コピー-copy	名詞-普通名詞-サ変可能			1
する	スル	スル	為る	動詞-非自立可能	サ行変格	終止形-一般	0
EOS
2024	2024	2024	2024	名詞-数詞			0
年	ネン	ネン	年	名詞-普通名詞-助数詞可能			1
06	06	06	06	名詞-数詞			0
月	ガツ	ガツ	月	名詞-普通名詞-助数詞可能			1
06	06	06	06	名詞-数詞			0
日	カ	カ	日	接尾辞-名詞的-助数詞			
14	14	14	14	名詞-数詞			0
時	ジ	ジ	時	名詞-普通名詞-助数詞可能			1
00	00	00	00	名詞-数詞			0
分	フン	フン	分	名詞-普通名詞-助数詞可能			1
ソフトウェア	ソフトウェア	ソフトウェア	ソフトウェア-software	名詞-普通名詞-一般			4
Microsoft	Microsoft	Microsoft	Microsoft	名詞-普通名詞-一般			0
が	ガ	ガ	が	助詞-格助詞			
10	10	10	10	名詞-数詞			0
日間	カカン	カカン	日間	名詞-普通名詞-助数詞可能			1
の	ノ	ノ	の	助詞-格助詞			
世界	セカイ	セカイ	世界	名詞-普通名詞-一般			1,2
の	ノ	ノ	の	助詞-格助詞			
天気	テンキ	テンキ	天気	名詞-普通名詞-一般			1
と	ト	ト	と	助詞-格助詞			
大気	タイキ	タイキ	大気	名詞-普通名詞-一般			1
汚染	オセン	オセン	汚染	名詞-普通名詞-サ変可能			0
を	オ	ヲ	を	助詞-格助詞			
たっ	タッ	タツ	経つ	動詞-一般	五段-タ行	連用形-促音便	1
た	タ	タ	た	助動詞	助動詞-タ	連体形-一般	
1	1	1	1	名詞-数詞			0
分	ブン	ブン	分	名詞-普通名詞-副詞可能			1
で	デ	デ	で	助詞-格助詞			
予測	ヨソク	ヨソク	予測	名詞-普通名詞-サ変可能			0
する	スル	スル	為る	動詞-非自立可能	サ行変格	連体形-一般	0
超	チョー	チョウ	超	接頭辞			
高速	コーソク	コウソク	高速	名詞-普通名詞-形状詞可能			0
AI	AI	AI	AI	名詞-普通名詞-一般			0
「			「	補助記号-括弧開			
Aurora	Aurora	Aurora	Aurora	名詞-普通名詞-一般			0
」			」	補助記号-括弧閉			
を	オ	ヲ	を	助詞-格助詞			
発表	ハッピョー	ハッピョウ	発表	名詞-普通名詞-サ変可能			0
AI	AI	AI	AI	名詞-普通名詞-一般			0
の	ノ	ノ	の	助詞-格助詞			
発達	ハッタツ	ハッタツ	発達	名詞-普通名詞-サ変可能			0
に	ニ	ニ	に	助詞-格助詞			
より	ヨリ	ヨル	因る	動詞-一般	五段-ラ行	連用形-一般	0
、			、	補助記号-読点			
かつて	カツテ	カツテ	嘗て	副詞			1
は	ワ	ハ	は	助詞-係助詞			
スーパーコンピューター	スーパーコンピューター	スーパーコンピューター	スーパーコンピューター-supercomputer	名詞-普通名詞-一般			7
を	オ	ヲ	を	助詞-格助詞			
長	チョー	チョウ	長	接頭辞			
時間	ジカン	ジカン	時間	名詞-普通名詞-助数詞可能			0
稼働	カドー	カドウ	稼働	名詞-普通名詞-サ変可能			0
さ	サ	スル	為る	動詞-非自立可能	サ行変格	未然形-サ	0
せ	セ	セル	せる	助動詞	下一段-サ行	連用形-一般	
て	テ	テ	て	助詞-接続助詞			
行っ	イッ	イク	行く	動詞-非自立可能	五段-カ行	連用形-促音便	0
て	テ	テ	て	助詞-接続助詞			
き	キ	クル	来る	動詞-非自立可能	カ行変格	連用形-一般	1
た	タ	タ	た	助動詞	助動詞-タ	連体形-一般	
天気	テンキ	テンキ	天気	名詞-普通名詞-一般			1
予報	ヨホー	ヨホウ	予報	名詞-普通名詞-サ変可能			0
が	ガ	ガ	が	助詞-格助詞			
、			、	補助記号-読点			
短	タン	タン	短	接頭辞			
時間	ジカン	ジカン	時間	名詞-普通名詞-助数詞可能			0
かつ	カツ	カツ	且つ	接続詞			1
高	コー	コウ	高	接頭辞			
精度	セード	セイド	精度	名詞-普通名詞-一般			1
で	デ	デ	で	助詞-格助詞			
行える	オコナエル	オコナウ	行う	動詞-一般	下一段-ア行	連体形-一般	0
よう	ヨー	ヨウ	様	形状詞-助動詞語幹			1
に	ニ	ダ	だ	助動詞	助動詞-ダ	連用形-ニ	
なり	ナリ	ナル	成る	動詞-非自立可能	五段-ラ行	連用形-一般	1
つつ	ツツ	ツツ	つつ	助詞-接続助詞			
あり	アリ	アル	有る	動詞-非自立可能	五段-ラ行	連用形-一般	1
ます	マス	マス	ます	助動詞	助動詞-マス	終止形-一般	
。			。	補助記号-句点			
そんな	ソンナ	ソンナ	そんな	連体詞			0
中	ナカ	ナカ	中	名詞-普通名詞-副詞可能			1
、			、	補助記号-読点			
Microsoft	Microsoft	Microsoft	Microsoft	名詞-普通名詞-一般			0
が	ガ	ガ	が	助詞-格助詞			
天気	テンキ	テンキ	天気	名詞-普通名詞-一般			1
予報	ヨホー	ヨホウ	予報	名詞-普通名詞-サ変可能			0
と	ト	ト	と	助詞-格助詞			
同時	ドージ	ドウジ	同時	名詞-普通名詞-一般			0,1
に	ニ	ニ	に	助詞-格助詞			
大気	タイキ	タイキ	大気	名詞-普通名詞-一般			1
汚染	オセン	オセン	汚染	名詞-普通名詞-サ変可能			0
を	オ	ヲ	を	助詞-格助詞			
瞬時	シュンジ	シュンジ	瞬時	名詞-普通名詞-副詞可能			1
に	ニ	ニ	に	助詞-格助詞			
予測	ヨソク	ヨソク	予測	名詞-普通名詞-サ変可能			0
できる	デキル	デキル	出来る	動詞-非自立可能	上一段-カ行	連体形-一般	2
AI	AI	AI	AI	名詞-普通名詞-一般			0
モデル	モデル	モデル	モデル-model	名詞-普通名詞-一般			0,1
「			「	補助記号-括弧開			
Aurora	Aurora	Aurora	Aurora	名詞-普通名詞-一般			0
」			」	補助記号-括弧閉			
を	オ	ヲ	を	助詞-格助詞			
発表	ハッピョー	ハッピョウ	発表	名詞-普通名詞-サ変可能			0
し	シ	スル	為る	動詞-非自立可能	サ行変格	連用形-一般	0
まし	マシ	マス	ます	助動詞	助動詞-マス	連用形-一般	
た	タ	タ	た	助動詞	助動詞-タ	終止形-一般	
。			。	補助記号-句点			
Introducing	Introducing	Introducing	Introducing	名詞-普通名詞-一般			0
Aurora	Aurora	Aurora	Aurora	名詞-普通名詞-一般			0
:			：	補助記号-一般			
The	The	The	The	名詞-普通名詞-一般			0
first	first	first	first	名詞-普通名詞-一般			0
large	large	large	large	名詞-普通名詞-一般			0
-	-	-	-	記号-一般			0
scale	scale	scale	scale	名詞-普通名詞-一般			0
foundation	foundation	foundation	foundation	名詞-普通名詞-一般			0
model	model	model	model	名詞-普通名詞-一般			0
of	of	of	of	名詞-普通名詞-一般			0
the	the	the	the	名詞-普通名詞-一般			0
atmosphere	atmosphere	atmosphere	atmosphere	名詞-普通名詞-一般			0
-	-	-	-	記号-一般			0
Microsoft	Microsoft	Microsoft	Microsoft	名詞-普通名詞-一般			0
Research	Research	Research	Research	名詞-普通名詞-一般			0
https	https	https	https	名詞-普通名詞-一般			0
:			：	補助記号-一般			
/			／	補助記号-一般			
/			／	補助記号-一般			
www	www	www	www	名詞-普通名詞-一般			0
.			．	補助記号-句点			
microsoft	microsoft	microsoft	microsoft	名詞-普通名詞-一般			0
.			．	補助記号-句点			
com	com	com	com	名詞-普通名詞-一般			0
/			／	補助記号-一般			
en	en	en	en	名詞-普通名詞-一般			0
-	-	-	-	記号-一般			0
us	us	us	us	名詞-普通名詞-一般			0
/			／	補助記号-一般			
research	research	research	research	名詞-普通名詞-一般			0
/			／	補助記号-一般			
blog	blog	blog	blog	名詞-普通名詞-一般			0
/			／	補助記号-一般			
introducing	introducing	introducing	introducing	名詞-普通名詞-一般			0
-	-	-	-	記号-一般			0
aurora	aurora	aurora	aurora	名詞-普通名詞-一般			0
-	-	-	-	記号-一般			0
the	the	the	the	名詞-普通名詞-一般			0
-	-	-	-	記号-一般			0
first	first	first	first	名詞-普通名詞-一般			0
-	-	-	-	記号-一般			0
large	large	large	large	名詞-普通名詞-一般			0
-	-	-	-	記号-一般			0
scale	scale	scale	scale	名詞-普通名詞-一般			0
-	-	-	-	記号-一般			0
foundation	foundation	foundation	foundation	名詞-普通名詞-一般			0
-	-	-	-	記号-一般			0
model	model	model	model	名詞-普通名詞-一般			0
-	-	-	-	記号-一般			0
of	of	of	of	名詞-普通名詞-一般			0
-	-	-	-	記号-一般			0
the	the	the	the	名詞-普通名詞-一般			0
-	-	-	-	記号-一般			0
atmosphere	atmosphere	atmosphere	atmosphere	名詞-普通名詞-一般			0
/			／	補助記号-一般			
Superfast	Superfast	Superfast	Superfast	名詞-普通名詞-一般			0
Microsoft	Microsoft	Microsoft	Microsoft	名詞-普通名詞-一般			0
AI	AI	AI	AI	名詞-普通名詞-一般			0
is	is	is	is	名詞-普通名詞-一般			0
first	first	first	first	名詞-普通名詞-一般			0
to	to	to	to	名詞-普通名詞-一般			0
predict	predict	predict	predict	名詞-普通名詞-一般			0
air	air	air	air	名詞-普通名詞-一般			0
pollution	pollution	pollution	pollution	名詞-普通名詞-一般			0
for	for	for	for	名詞-普通名詞-一般			0
the	the	the	the	名詞-普通名詞-一般			0
whole	whole	whole	whole	名詞-普通名詞-一般			0
world	world	world	world	名詞-普通名詞-一般			0
https	https	https	https	名詞-普通名詞-一般			0
:			：	補助記号-一般			
/			／	補助記号-一般			
/			／	補助記号-一般			
www	www	www	www	名詞-普通名詞-一般			0
.			．	補助記号-句点			
nature	nature	nature	nature	名詞-普通名詞-一般			0
.			．	補助記号-句点			
com	com	com	com	名詞-普通名詞-一般			0
/			／	補助記号-一般			
articles	articles	articles	articles	名詞-普通名詞-一般			0
/			／	補助記号-一般			
d	d	d	d	名詞-普通名詞-一般			0
41586	41586	41586	41586	名詞-数詞			0
-	-	-	-	記号-一般			0
024	024	024	024	名詞-数詞			0
-	-	-	-	記号-一般			0
01677	01677	01677	01677	名詞-数詞			0
-	-	-	-	記号-一般			0
2	2	2	2	名詞-数詞			0
2023	2023	2023	2023	名詞-数詞			0
年	ネン	ネン	年	名詞-普通名詞-助数詞可能			1
11	11	11	11	名詞-数詞			0
月	ガツ	ガツ	月	名詞-普通名詞-助数詞可能			1
に	ニ	ニ	に	助詞-格助詞			
ヨーロッパ	ヨーロッパ	ヨーロッパ	ヨーロッパ-Europa	名詞-固有名詞-地名-一般			3
を	オ	ヲ	を	助詞-格助詞			
襲っ	オソッ	オソウ	襲う	動詞-一般	五段-ワア行	連用形-促音便	0,2
た	タ	タ	た	助動詞	助動詞-タ	連体形-一般	
爆弾	バクダン	バクダン	爆弾	名詞-普通名詞-一般			0
低	テー	テイ	低	接頭辞			
気圧	キアツ	キアツ	気圧	名詞-普通名詞-一般			0
「			「	補助記号-括弧開			
キ	キ	キ	キ	記号-一般			1
ア	ア	ア	ア	記号-一般			1
ラン	ラン	ラン	ラン-run	名詞-普通名詞-サ変可能			1
」			」	補助記号-括弧閉			
の	ノ	ノ	の	助詞-格助詞			
想定	ソーテー	ソウテイ	想定	名詞-普通名詞-サ変可能			0
外	ガイ	ガイ	外	接尾辞-名詞的-一般			
の	ノ	ノ	の	助詞-格助詞			
破壊	ハカイ	ハカイ	破壊	名詞-普通名詞-サ変可能			0
力	リョク	リョク	力	接尾辞-名詞的-一般			
は	ワ	ハ	は	助詞-係助詞			
、			、	補助記号-読点			
イギリス	イギリス	イギリス	イギリス-Inglez	名詞-固有名詞-地名-国			0
や	ヤ	ヤ	や	助詞-副助詞			
フランス	フランス	フランス	フランス-France	名詞-固有名詞-地名-国			0
を	オ	ヲ	を	助詞-格助詞			
中心	チューシン	チュウシン	中心	名詞-普通名詞-一般			0
と	ト	ト	と	助詞-格助詞			
し	シ	スル	為る	動詞-非自立可能	サ行変格	連用形-一般	0
た	タ	タ	た	助動詞	助動詞-タ	連体形-一般	
地域	チイキ	チイキ	地域	名詞-普通名詞-一般			1
に	ニ	ニ	に	助詞-格助詞			
深い	フカイ	フカイ	深い	形容詞-一般	形容詞	連体形-一般	2
爪痕	ツメアト	ツメアト	爪痕	名詞-普通名詞-一般			0
を	オ	ヲ	を	助詞-格助詞			
残す	ノコス	ノコス	残す	動詞-一般	五段-サ行	終止形-一般	2
と	ト	ト	と	助詞-格助詞			
とも	トモ	トモ	共	名詞-普通名詞-一般			0,1
に	ニ	ニ	に	助詞-格助詞			
、			、	補助記号-読点			
既存	キソン	キソン	既存	名詞-普通名詞-サ変可能			0
の	ノ	ノ	の	助詞-格助詞			
気象	キショー	キショウ	気象	名詞-普通名詞-一般			0
予測	ヨソク	ヨソク	予測	名詞-普通名詞-サ変可能			0
モデル	モデル	モデル	モデル-model	名詞-普通名詞-一般			0,1
の	ノ	ノ	の	助詞-格助詞			
限界	ゲンカイ	ゲンカイ	限界	名詞-普通名詞-一般			0
を	オ	ヲ	を	助詞-格助詞			
突きつけ	ツキツケ	ツキツケル	突き付ける	動詞-一般	下一段-カ行	連用形-一般	4
まし	マシ	マス	ます	助動詞	助動詞-マス	連用形-一般	
た	タ	タ	た	助動詞	助動詞-タ	終止形-一般	
。			。	補助記号-句点			
by	by	by	by	名詞-普通名詞-一般			0
Xfigpower	Xfigpower	Xfigpower	Xfigpower	名詞-普通名詞-一般			0
この	コノ	コノ	此の	連体詞			0
よう	ヨー	ヨウ	様	形状詞-助動詞語幹			1
な	ナ	ダ	だ	助動詞	助動詞-ダ	連体形-一般	
課題	カダイ	カダイ	課題	名詞-普通名詞-一般			0
に	ニ	ニ	に	助詞-格助詞			
対処	タイショ	タイショ	対処	名詞-普通名詞-サ変可能			1
する	スル	スル	為る	動詞-非自立可能	サ行変格	連体形-一般	0
ため	タメ	タメ	為	名詞-普通名詞-副詞可能			2
に	ニ	ニ	に	助詞-格助詞			
、			、	補助記号-読点			
Microsoft	Microsoft	Microsoft	Microsoft	名詞-普通名詞-一般			0
は	ワ	ハ	は	助詞-係助詞			
膨大	ボーダイ	ボウダイ	膨大	名詞-普通名詞-サ変形状詞可能			0
な	ナ	ダ	だ	助動詞	助動詞-ダ	連体形-一般	
大気	タイキ	タイキ	大気	名詞-普通名詞-一般			1
データ	データ	データ	データ-data	名詞-普通名詞-一般			1,0
を	オ	ヲ	を	助詞-格助詞			
迅速	ジンソク	ジンソク	迅速	形状詞-一般			0
に	ニ	ダ	だ	助動詞	助動詞-ダ	連用形-ニ	
分析	ブンセキ	ブンセキ	分析	名詞-普通名詞-サ変可能			0
できる	デキル	デキル	出来る	動詞-非自立可能	上一段-カ行	連体形-一般	2
AI	AI	AI	AI	名詞-普通名詞-一般			0
「			「	補助記号-括弧開			
Aurora	Aurora	Aurora	Aurora	名詞-普通名詞-一般			0
」			」	補助記号-括弧閉			
を	オ	ヲ	を	助詞-格助詞			
開発	カイハツ	カイハツ	開発	名詞-普通名詞-サ変可能			0
し	シ	スル	為る	動詞-非自立可能	サ行変格	連用形-一般	0
まし	マシ	マス	ます	助動詞	助動詞-マス	連用形-一般	
た	タ	タ	た	助動詞	助動詞-タ	終止形-一般	
。			。	補助記号-句点			
Aurora	Aurora	Aurora	Aurora	名詞-普通名詞-一般			0
は	ワ	ハ	は	助詞-係助詞			
100	100	100	100	名詞-数詞			0
万	マン	マン	万	名詞-数詞			1
時間	ジカン	ジカン	時間	名詞-普通名詞-助数詞可能			0
を	オ	ヲ	を	助詞-格助詞			
超える	コエル	コエル	越える	動詞-一般	下一段-ア行	連体形-一般	0
多様	タヨー	タヨウ	多様	形状詞-一般			0
な	ナ	ダ	だ	助動詞	助動詞-ダ	連体形-一般	
気象	キショー	キショウ	気象	名詞-普通名詞-一般			0
データ	データ	データ	データ-data	名詞-普通名詞-一般			1,0
および	オヨビ	オヨビ	及び	接続詞			0,1
気候	キコー	キコウ	気候	名詞-普通名詞-一般			0
シミュレーション	シミュレーション	シミュレーション	シミュレーション-simulation	名詞-普通名詞-サ変可能			0,3
で	デ	デ	で	助詞-格助詞			
トレーニング	トレーニング	トレーニング	トレーニング-training	名詞-普通名詞-サ変可能			2
さ	サ	スル	為る	動詞-非自立可能	サ行変格	未然形-サ	0
れ	レ	レル	れる	助動詞	助動詞-レル	連用形-一般	
た	タ	タ	た	助動詞	助動詞-タ	連体形-一般	
パラー	パラー	パラー	パラー-Para	名詞-固有名詞-地名-一般			1
メーター	メーター	メートル	メートル-metre	名詞-普通名詞-助数詞可能			0
数	スー	スウ	数	名詞-普通名詞-一般			1
13	13	13	13	名詞-数詞			0
億	オク	オク	億	名詞-数詞			1
の	ノ	ノ	の	助詞-格助詞			
基盤	キバン	キバン	基盤	名詞-普通名詞-一般			0
モデル	モデル	モデル	モデル-model	名詞-普通名詞-一般			0,1
で	デ	デ	で	助詞-格助詞			
、			、	補助記号-読点			
10	10	10	10	名詞-数詞			0
日間	カカン	カカン	日間	名詞-普通名詞-助数詞可能			1
の	ノ	ノ	の	助詞-格助詞			
世界	セカイ	セカイ	世界	名詞-普通名詞-一般			1,2
天気	テンキ	テンキ	天気	名詞-普通名詞-一般			1
予報	ヨホー	ヨホウ	予報	名詞-普通名詞-サ変可能			0
を	オ	ヲ	を	助詞-格助詞			
1	1	1	1	名詞-数詞			0
分	ブン	ブン	分	名詞-普通名詞-副詞可能			1
で	デ	デ	で	助詞-格助詞			
こなす	コナス	コナス	熟す	動詞-非自立可能	五段-サ行	連体形-一般	0
こと	コト	コト	事	名詞-普通名詞-一般			2
が	ガ	ガ	が	助詞-格助詞			
できる	デキル	デキル	出来る	動詞-非自立可能	上一段-カ行	終止形-一般	2
と	ト	ト	と	助詞-格助詞			
の	ノ	ノ	の	助詞-格助詞			
こと	コト	コト	事	名詞-普通名詞-一般			2
。			。	補助記号-句点			
Aurora	Aurora	Aurora	Aurora	名詞-普通名詞-一般			0
は	ワ	ハ	は	助詞-係助詞			
また	マタ	マタ	又	接続詞			0
、			、	補助記号-読点			
現行	ゲンコー	ゲンコウ	現行	名詞-普通名詞-一般			0
で	デ	デ	で	助詞-格助詞			
は	ワ	ハ	は	助詞-係助詞			
最	サイ	サイ	最	接頭辞			
先端	センタン	センタン	先端	名詞-普通名詞-一般			0
の	ノ	ノ	の	助詞-格助詞			
数値	スーチ	スウチ	数値	名詞-普通名詞-一般			1
予報	ヨホー	ヨホウ	予報	名詞-普通名詞-サ変可能			0
モデル	モデル	モデル	モデル-model	名詞-普通名詞-一般			0,1
で	デ	ダ	だ	助動詞	助動詞-ダ	連用形-一般	
ある	アル	アル	有る	動詞-非自立可能	五段-ラ行	連体形-一般	1
統合	トーゴー	トウゴウ	統合	名詞-普通名詞-サ変可能			0
予報	ヨホー	ヨホウ	予報	名詞-普通名詞-サ変可能			0
システム	システム	システム	システム-system	名詞-普通名詞-一般			1
(			（	補助記号-括弧開			
IFS	IFS	IFS	IFS	名詞-普通名詞-一般			0
)			）	補助記号-括弧閉			
に	ニ	ニ	に	助詞-格助詞			
比べ	クラベ	クラベル	比べる	動詞-一般	下一段-バ行	連用形-一般	0
て	テ	テ	て	助詞-接続助詞			
約	ヤク	ヤク	約	接頭辞			
5000	5000	5000	5000	名詞-数詞			0
倍	バイ	バイ	倍	名詞-普通名詞-助数詞可能			0,1
の	ノ	ノ	の	助詞-格助詞			
計算	ケーサン	ケイサン	計算	名詞-普通名詞-サ変可能			0
速度	ソクド	ソクド	速度	名詞-普通名詞-一般			1
を	オ	ヲ	を	助詞-格助詞			
誇る	ホコル	ホコル	誇る	動詞-一般	五段-ラ行	連体形-一般	2
ほか	ホカ	ホカ	他	名詞-普通名詞-副詞可能			0
、			、	補助記号-読点			
精度	セード	セイド	精度	名詞-普通名詞-一般			1
や	ヤ	ヤ	や	助詞-副助詞			
効率	コーリツ	コウリツ	効率	名詞-普通名詞-一般			0
性	セー	セイ	性	接尾辞-名詞的-一般			
、			、	補助記号-読点			
応用	オーヨー	オウヨウ	応用	名詞-普通名詞-サ変可能			0
性	セー	セイ	性	接尾辞-名詞的-一般			
に	ニ	ニ	に	助詞-格助詞			
も	モ	モ	も	助詞-係助詞			
優れ	スグレ	スグレル	優れる	動詞-一般	下一段-ラ行	連用形-一般	3
て	テ	テ	て	助詞-接続助詞			
おり	オリ	オル	居る	動詞-非自立可能	五段-ラ行	連用形-一般	1
、			、	補助記号-読点			
気温	キオン	キオン	気温	名詞-普通名詞-一般			0
や	ヤ	ヤ	や	助詞-副助詞			
風速	フーソク	フウソク	風速	名詞-普通名詞-一般			0
から	カラ	カラ	から	助詞-格助詞			
大気	タイキ	タイキ	大気	名詞-普通名詞-一般			1
汚染	オセン	オセン	汚染	名詞-普通名詞-サ変可能			0
、			、	補助記号-読点			
温室	オンシツ	オンシツ	温室	名詞-普通名詞-一般			0
効果	コーカ	コウカ	効果	名詞-普通名詞-一般			1
ガス	ガス	ガス	ガス-gas	名詞-普通名詞-一般			1
の	ノ	ノ	の	助詞-格助詞			
濃度	ノード	ノウド	濃度	名詞-普通名詞-一般			1
まで	マデ	マデ	まで	助詞-副助詞			
、			、	補助記号-読点			
大気	タイキ	タイキ	大気	名詞-普通名詞-一般			1
の	ノ	ノ	の	助詞-格助詞			
状態	ジョータイ	ジョウタイ	状態	名詞-普通名詞-一般			0
を	オ	ヲ	を	助詞-格助詞			
示す	シメス	シメス	示す	動詞-一般	五段-サ行	連体形-一般	2,0
さまざま	サマザマ	サマザマ	様々	形状詞-一般			2,3
な	ナ	ダ	だ	助動詞	助動詞-ダ	連体形-一般	
変数	ヘンスー	ヘンスウ	変数	名詞-普通名詞-一般			3
を	オ	ヲ	を	助詞-格助詞			
予測	ヨソク	ヨソク	予測	名詞-普通名詞-サ変可能			0
でき	デキ	デキル	出来る	動詞-非自立可能	上一段-カ行	連用形-一般	2
ます	マス	マス	ます	助動詞	助動詞-マス	終止形-一般	
。			。	補助記号-句点			
以下	イカ	イカ	以下	名詞-普通名詞-一般			1
は	ワ	ハ	は	助詞-係助詞			
、			、	補助記号-読点			
大気	タイキ	タイキ	大気	名詞-普通名詞-一般			1
汚染	オセン	オセン	汚染	名詞-普通名詞-サ変可能			0
の	ノ	ノ	の	助詞-格助詞			
指標	シヒョー	シヒョウ	指標	名詞-普通名詞-一般			0
と	ト	ト	と	助詞-格助詞			
なる	ナル	ナル	成る	動詞-非自立可能	五段-ラ行	連体形-一般	1
「			「	補助記号-括弧開			
大気	タイキ	タイキ	大気	名詞-普通名詞-一般			1
中	チュー	チュウ	中	接尾辞-名詞的-副詞可能			
の	ノ	ノ	の	助詞-格助詞			
全二	ゼンジ	ゼンジ	ゼンジ	名詞-固有名詞-人名-名			1
酸化	サンカ	サンカ	酸化	名詞-普通名詞-サ変可能			0
窒素	チッソ	チッソ	窒素	名詞-普通名詞-一般			1
量	リョー	リョウ	量	名詞-普通名詞-一般			1
」			」	補助記号-括弧閉			
を	オ	ヲ	を	助詞-格助詞			
Aurora	Aurora	Aurora	Aurora	名詞-普通名詞-一般			0
に	ニ	ニ	に	助詞-格助詞			
よる	ヨル	ヨル	因る	動詞-一般	五段-ラ行	連体形-一般	0
予測	ヨソク	ヨソク	予測	名詞-普通名詞-サ変可能			0
(			（	補助記号-括弧開			
上	ウエ	ウエ	上	名詞-普通名詞-副詞可能			0,2
)			）	補助記号-括弧閉			
と	ト	ト	と	助詞-格助詞			
欧州	オーシュー	オウシュウ	オウシュウ-外国	名詞-固有名詞-地名-一般			1
中期	チューキ	チュウキ	中期	名詞-普通名詞-副詞可能			1
予報	ヨホー	ヨホウ	予報	名詞-普通名詞-サ変可能			0
センター	センター	センター	センター-center	名詞-普通名詞-一般			1
(			（	補助記号-括弧開			
ECMWF	ECMWF	ECMWF	ECMWF	名詞-普通名詞-一般			0
)			）	補助記号-括弧閉			
が	ガ	ガ	が	助詞-格助詞			
運用	ウンヨー	ウンヨウ	運用	名詞-普通名詞-サ変可能			0
し	シ	スル	為る	動詞-非自立可能	サ行変格	連用形-一般	0
て	テ	テ	て	助詞-接続助詞			
いる	イル	イル	居る	動詞-非自立可能	上一段-ア行	連体形-一般	0
コペルニクス	コペルニクス	コペルニクス	コペルニクス-Copernicus	名詞-固有名詞-人名-一般			4
大気	タイキ	タイキ	大気	名詞-普通名詞-一般			1
監視	カンシ	カンシ	監視	名詞-普通名詞-サ変可能			0
サービス	サービス	サービス	サービス-service	名詞-普通名詞-サ変可能			1
(			（	補助記号-括弧開			
CAMS	CAMS	CAMS	CAMS	名詞-普通名詞-一般			0
)			）	補助記号-括弧閉			
の	ノ	ノ	の	助詞-格助詞			
データ	データ	データ	データ-data	名詞-普通名詞-一般			1,0
(			（	補助記号-括弧開			
下	シタ	シタ	下	名詞-普通名詞-一般			0
)			）	補助記号-括弧閉			
と	ト	ト	と	助詞-格助詞			
を	オ	ヲ	を	助詞-格助詞			
比較	ヒカク	ヒカク	比較	名詞-普通名詞-サ変可能			0
し	シ	スル	為る	動詞-非自立可能	サ行変格	連用形-一般	0
た	タ	タ	た	助動詞	助動詞-タ	連体形-一般	
もの	モノ	モノ	物	名詞-普通名詞-サ変可能			2,0
。			。	補助記号-句点			
二	ニ	ニ	二	名詞-数詞			1
酸化	サンカ	サンカ	酸化	名詞-普通名詞-サ変可能			0
窒素	チッソ	チッソ	窒素	名詞-普通名詞-一般			1
は	ワ	ハ	は	助詞-係助詞			
東	ヒガシ	ヒガシ	東	名詞-普通名詞-一般			0,3
アジア	アジア	アジア	アジア-Asia	名詞-固有名詞-地名-一般			1
の	ノ	ノ	の	助詞-格助詞			
人口	ジンコー	ジンコウ	人口	名詞-普通名詞-一般			0
密集	ミッシュー	ミッシュウ	密集	名詞-普通名詞-サ変可能			0
地	チ	チ	地	名詞-普通名詞-一般			1
に	ニ	ニ	に	助詞-格助詞			
偏在	ヘンザイ	ヘンザイ	偏在	名詞-普通名詞-サ変可能			0
する	スル	スル	為る	動詞-非自立可能	サ行変格	連体形-一般	0
傾向	ケーコー	ケイコウ	傾向	名詞-普通名詞-一般			0
が	ガ	ガ	が	助詞-格助詞			
あり	アリ	アル	有る	動詞-非自立可能	五段-ラ行	連用形-一般	1
ます	マス	マス	ます	助動詞	助動詞-マス	終止形-一般	
が	ガ	ガ	が	助詞-接続助詞			
、			、	補助記号-読点			
Aurora	Aurora	Aurora	Aurora	名詞-普通名詞-一般			0
は	ワ	ハ	は	助詞-係助詞			
この	コノ	コノ	此の	連体詞			0
よう	ヨー	ヨウ	様	形状詞-助動詞語幹			1
な	ナ	ダ	だ	助動詞	助動詞-ダ	連体形-一般	
汚染	オセン	オセン	汚染	名詞-普通名詞-サ変可能			0
物質	ブッシツ	ブッシツ	物質	名詞-普通名詞-一般			0
の	ノ	ノ	の	助詞-格助詞			
局地	キョクチ	キョクチ	局地	名詞-普通名詞-一般			1
的	テキ	テキ	的	接尾辞-形状詞的			
な	ナ	ダ	だ	助動詞	助動詞-ダ	連体形-一般	
分布	ブンプ	ブンプ	分布	名詞-普通名詞-サ変可能			0,1
と	ト	ト	と	助詞-格助詞			
世界	セカイ	セカイ	世界	名詞-普通名詞-一般			1,2
的	テキ	テキ	的	接尾辞-形状詞的			
な	ナ	ダ	だ	助動詞	助動詞-ダ	連体形-一般	
分布	ブンプ	ブンプ	分布	名詞-普通名詞-サ変可能			0,1
の	ノ	ノ	の	助詞-格助詞			
両方	リョーホー	リョウホウ	両方	名詞-普通名詞-一般			0,3
を	オ	ヲ	を	助詞-格助詞			
正確	セーカク	セイカク	正確	名詞-普通名詞-形状詞可能			0
に	ニ	ダ	だ	助動詞	助動詞-ダ	連用形-ニ	
捉える	トラエル	トラエル	捕らえる	動詞-一般	下一段-ア行	連体形-一般	3
こと	コト	コト	事	名詞-普通名詞-一般			2
が	ガ	ガ	が	助詞-格助詞			
でき	デキ	デキル	出来る	動詞-非自立可能	上一段-カ行	連用形-一般	2
まし	マシ	マス	ます	助動詞	助動詞-マス	連用形-一般	
た	タ	タ	た	助動詞	助動詞-タ	終止形-一般	
。			。	補助記号-句点			
また	マタ	マタ	又	接続詞			0
、			、	補助記号-読点			
以下	イカ	イカ	以下	名詞-普通名詞-一般			1
は	ワ	ハ	は	助詞-係助詞			
CAMS	CAMS	CAMS	CAMS	名詞-普通名詞-一般			0
に	ニ	ニ	に	助詞-格助詞			
対する	タイスル	タイスル	対する	動詞-一般	サ行変格	連体形-一般	3
Aurora	Aurora	Aurora	Aurora	名詞-普通名詞-一般			0
の	ノ	ノ	の	助詞-格助詞			
二	ニ	ニ	二	名詞-数詞			1
乗	ジョー	ジョウ	乗	名詞-普通名詞-助数詞可能			1
平均	ヘーキン	ヘイキン	平均	名詞-普通名詞-サ変可能			0
平方	ヘーホー	ヘイホウ	平方	名詞-普通名詞-サ変可能			0
根	コン	コン	根	名詞-普通名詞-一般			1,2,0
誤差	ゴサ	ゴサ	誤差	名詞-普通名詞-一般			1
(			（	補助記号-括弧開			
RMSE	RMSE	RMSE	RMSE	名詞-普通名詞-一般			0
)			）	補助記号-括弧閉			
を	オ	ヲ	を	助詞-格助詞			
表し	アラワシ	アラワス	表わす	動詞-一般	五段-サ行	連用形-一般	3
た	タ	タ	た	助動詞	助動詞-タ	連体形-一般	
もの	モノ	モノ	物	名詞-普通名詞-サ変可能			2,0
で	デ	ダ	だ	助動詞	助動詞-ダ	連用形-一般	
、			、	補助記号-読点			
負	フ	フ	負	名詞-普通名詞-一般			1
の	ノ	ノ	の	助詞-格助詞			
値	アタイ	アタイ	値	名詞-普通名詞-サ変可能			0
(			（	補助記号-括弧開			
青色	アオイロ	アオイロ	青色	名詞-普通名詞-一般			0
)			）	補助記号-括弧閉			
ほど	ホド	ホド	ほど	助詞-副助詞			
Aurora	Aurora	Aurora	Aurora	名詞-普通名詞-一般			0
が	ガ	ガ	が	助詞-格助詞			
優れ	スグレ	スグレル	優れる	動詞-一般	下一段-ラ行	連用形-一般	3
て	テ	テ	て	助詞-接続助詞			
いる	イル	イル	居る	動詞-非自立可能	上一段-ア行	連体形-一般	0
こと	コト	コト	事	名詞-普通名詞-一般			2
を	オ	ヲ	を	助詞-格助詞			
意味	イミ	イミ	意味	名詞-普通名詞-サ変可能			1
し	シ	スル	為る	動詞-非自立可能	サ行変格	連用形-一般	0
て	テ	テ	て	助詞-接続助詞			
い	イ	イル	居る	動詞-非自立可能	上一段-ア行	連用形-一般	0
ます	マス	マス	ます	助動詞	助動詞-マス	終止形-一般	
。			。	補助記号-句点			
一	イチ	イチ	一	名詞-数詞			2
酸化	サンカ	サンカ	酸化	名詞-普通名詞-サ変可能			0
炭素	タンソ	タンソ	炭素	名詞-普通名詞-一般			1
(			（	補助記号-括弧開			
CO	CO	CO	CO	名詞-普通名詞-一般			0
)			）	補助記号-括弧閉			
や	ヤ	ヤ	や	助詞-副助詞			
一	イチ	イチ	一	名詞-数詞			2
酸化	サンカ	サンカ	酸化	名詞-普通名詞-サ変可能			0
窒素	チッソ	チッソ	窒素	名詞-普通名詞-一般			1
(			（	補助記号-括弧開			
NO	NO	NO	NO	名詞-普通名詞-一般			0
)			）	補助記号-括弧閉			
など	ナド	ナド	など	助詞-副助詞			
さまざま	サマザマ	サマザマ	様々	形状詞-一般			2,3
な	ナ	ダ	だ	助動詞	助動詞-ダ	連体形-一般	
指標	シヒョー	シヒョウ	指標	名詞-普通名詞-一般			0
に	ニ	ニ	に	助詞-格助詞			
おい	オイ	オク	於く	動詞-一般	五段-カ行	連用形-イ音便	1
て	テ	テ	て	助詞-接続助詞			
、			、	補助記号-読点			
Aurora	Aurora	Aurora	Aurora	名詞-普通名詞-一般			0
は	ワ	ハ	は	助詞-係助詞			
ターゲット	ターゲット	ターゲット	ターゲット-target	名詞-普通名詞-一般			1
の	ノ	ノ	の	助詞-格助詞			
74	74	74	74	名詞-数詞			0
％	パーセント	パーセント	パーセント-percent	名詞-普通名詞-助数詞可能			3
で	デ	デ	で	助詞-格助詞			
CAMS	CAMS	CAMS	CAMS	名詞-普通名詞-一般			0
と	ト	ト	と	助詞-格助詞			
同等	ドートー	ドウトウ	同等	形状詞-一般			0
以上	イジョー	イジョウ	以上	名詞-普通名詞-副詞可能			1
の	ノ	ノ	の	助詞-格助詞			
パフォーマンス	パフォーマンス	パフォーマンス	パフォーマンス-performance	名詞-普通名詞-一般			2
を	オ	ヲ	を	助詞-格助詞			
示し	シメシ	シメス	示す	動詞-一般	五段-サ行	連用形-一般	2,0
まし	マシ	マス	ます	助動詞	助動詞-マス	連用形-一般	
た	タ	タ	た	助動詞	助動詞-タ	終止形-一般	
。			。	補助記号-句点			
Microsoft	Microsoft	Microsoft	Microsoft	名詞-普通名詞-一般			0
Research	Research	Research	Research	名詞-普通名詞-一般			0
AI	AI	AI	AI	名詞-普通名詞-一般			0
for	for	for	for	名詞-普通名詞-一般			0
Science	Science	Science	Science	名詞-普通名詞-一般			0
の	ノ	ノ	の	助詞-格助詞			
AI	AI	AI	AI	名詞-普通名詞-一般			0
研究	ケンキュー	ケンキュウ	研究	名詞-普通名詞-サ変可能			0
者	シャ	シャ	者	接尾辞-名詞的-一般			
で	デ	ダ	だ	助動詞	助動詞-ダ	連用形-一般	
ある	アル	アル	有る	動詞-非自立可能	五段-ラ行	連体形-一般	1
パリス	パリス	パリス	パリス-Paris	名詞-固有名詞-人名-一般			1
・			・	補助記号-一般			
ペルディカリス	ペルディカリス	ペルディカリス	ペルディカリス	名詞-固有名詞-人名-一般			0
氏	シ	シ	氏	接尾辞-名詞的-一般			
ら	ラ	ラ	等	接尾辞-名詞的-一般			
の	ノ	ノ	の	助詞-格助詞			
検証	ケンショー	ケンショウ	検証	名詞-普通名詞-サ変可能			0
に	ニ	ニ	に	助詞-格助詞			
よる	ヨル	ヨル	因る	動詞-一般	五段-ラ行	終止形-一般	0
と	ト	ト	と	助詞-接続助詞			
、			、	補助記号-読点			
Aurora	Aurora	Aurora	Aurora	名詞-普通名詞-一般			0
は	ワ	ハ	は	助詞-係助詞			
主要	シュヨー	シュヨウ	主要	形状詞-一般			0
な	ナ	ダ	だ	助動詞	助動詞-ダ	連体形-一般	
大気	タイキ	タイキ	大気	名詞-普通名詞-一般			1
汚染	オセン	オセン	汚染	名詞-普通名詞-サ変可能			0
の	ノ	ノ	の	助詞-格助詞			
指標	シヒョー	シヒョウ	指標	名詞-普通名詞-一般			0
(			（	補助記号-括弧開			
一	イチ	イチ	一	名詞-数詞			2
酸化	サンカ	サンカ	酸化	名詞-普通名詞-サ変可能			0
炭素	タンソ	タンソ	炭素	名詞-普通名詞-一般			1
、			、	補助記号-読点			
酸化	サンカ	サンカ	酸化	名詞-普通名詞-サ変可能			0
窒素	チッソ	チッソ	窒素	名詞-普通名詞-一般			1
、			、	補助記号-読点			
二	ニ	ニ	二	名詞-数詞			1
酸化	サンカ	サンカ	酸化	名詞-普通名詞-サ変可能			0
窒素	チッソ	チッソ	窒素	名詞-普通名詞-一般			1
、			、	補助記号-読点			
二	ニ	ニ	二	名詞-数詞			1
酸化	サンカ	サンカ	酸化	名詞-普通名詞-サ変可能			0
硫黄	イオー	イオウ	硫黄	名詞-普通名詞-一般			0
、			、	補助記号-読点			
オゾン	オゾン	オゾン	オゾン-ozone	名詞-普通名詞-一般			1
、			、	補助記号-読点			
粒子	リューシ	リュウシ	粒子	名詞-普通名詞-一般			1
状	ジョー	ジョウ	状	接尾辞-名詞的-一般			
物質	ブッシツ	ブッシツ	物質	名詞-普通名詞-一般			0
)			）	補助記号-括弧閉			
の	ノ	ノ	の	助詞-格助詞			
5	5	5	5	名詞-数詞			0
日間	カカン	カカン	日間	名詞-普通名詞-助数詞可能			1
の	ノ	ノ	の	助詞-格助詞			
世界	セカイ	セカイ	世界	名詞-普通名詞-一般			1,2
的	テキ	テキ	的	接尾辞-形状詞的			
な	ナ	ダ	だ	助動詞	助動詞-ダ	連体形-一般	
動き	ウゴキ	ウゴキ	動き	名詞-普通名詞-一般			3
を	オ	ヲ	を	助詞-格助詞			
1	1	1	1	名詞-数詞			0
分	フン	フン	分	名詞-普通名詞-助数詞可能			1
以内	イナイ	イナイ	以内	名詞-普通名詞-副詞可能			1
に	ニ	ニ	に	助詞-格助詞			
予測	ヨソク	ヨソク	予測	名詞-普通名詞-サ変可能			0
でき	デキ	デキル	出来る	動詞-非自立可能	上一段-カ行	連用形-一般	2
た	タ	タ	た	助動詞	助動詞-タ	終止形-一般	
と	ト	ト	と	助詞-格助詞			
の	ノ	ノ	の	助詞-格助詞			
こと	コト	コト	事	名詞-普通名詞-一般			2
。			。	補助記号-句点			
しかも	シカモ	シカモ	然も	接続詞			2
、			、	補助記号-読点			
この	コノ	コノ	此の	連体詞			0
予測	ヨソク	ヨソク	予測	名詞-普通名詞-サ変可能			0
は	ワ	ハ	は	助詞-係助詞			
CAMS	CAMS	CAMS	CAMS	名詞-普通名詞-一般			0
に	ニ	ニ	に	助詞-格助詞			
比べ	クラベ	クラベル	比べる	動詞-一般	下一段-バ行	連用形-一般	0
て	テ	テ	て	助詞-接続助詞			
桁違い	ケタチガイ	ケタチガイ	桁違い	形状詞-一般			3
に	ニ	ダ	だ	助動詞	助動詞-ダ	連用形-ニ	
少ない	スクナイ	スクナイ	少ない	形容詞-一般	形容詞	連体形-一般	3
計算	ケーサン	ケイサン	計算	名詞-普通名詞-サ変可能			0
コスト	コスト	コスト	コスト-cost	名詞-普通名詞-一般			1
で	デ	デ	で	助詞-格助詞			
実現	ジツゲン	ジツゲン	実現	名詞-普通名詞-サ変可能			0
し	シ	スル	為る	動詞-非自立可能	サ行変格	連用形-一般	0
まし	マシ	マス	ます	助動詞	助動詞-マス	連用形-一般	
た	タ	タ	た	助動詞	助動詞-タ	終止形-一般	
。			。	補助記号-句点			
ECMWF	ECMWF	ECMWF	ECMWF	名詞-普通名詞-一般			0
の	ノ	ノ	の	助詞-格助詞			
機械	キカイ	キカイ	機械	名詞-普通名詞-一般			2
学習	ガクシュー	ガクシュウ	学習	名詞-普通名詞-サ変可能			0
研究	ケンキュー	ケンキュウ	研究	名詞-普通名詞-サ変可能			0
者	シャ	シャ	者	接尾辞-名詞的-一般			
で	デ	ダ	だ	助動詞	助動詞-ダ	連用形-一般	
ある	アル	アル	有る	動詞-非自立可能	五段-ラ行	連体形-一般	1
マシュー	マシュー	マシュー	マシュー-Matthew	名詞-固有名詞-人名-一般			1
・			・	補助記号-一般			
チャントリー	チャントリー	チャントリー	チャントリー	名詞-固有名詞-人名-一般			0
氏	シ	シ	氏	接尾辞-名詞的-一般			
は	ワ	ハ	は	助詞-係助詞			
、			、	補助記号-読点			
Microsoft	Microsoft	Microsoft	Microsoft	名詞-普通名詞-一般			0
の	ノ	ノ	の	助詞-格助詞			
研究	ケンキュー	ケンキュウ	研究	名詞-普通名詞-サ変可能			0
結果	ケッカ	ケッカ	結果	名詞-普通名詞-副詞可能			0,1
に	ニ	ニ	に	助詞-格助詞			
つい	ツイ	ツク	つく	動詞-一般	五段-カ行	連用形-イ音便	1,2
て	テ	テ	て	助詞-接続助詞			
「			「	補助記号-括弧開			
この	コノ	コノ	此の	連体詞			0
分野	ブンヤ	ブンヤ	分野	名詞-普通名詞-一般			1
の	ノ	ノ	の	助詞-格助詞			
研究	ケンキュー	ケンキュウ	研究	名詞-普通名詞-サ変可能			0
者	シャ	シャ	者	接尾辞-名詞的-一般			
は	ワ	ハ	は	助詞-係助詞			
これ	コレ	コレ	此れ	代名詞			0
まで	マデ	マデ	まで	助詞-副助詞			
、			、	補助記号-読点			
従来	ジューライ	ジュウライ	従来	名詞-普通名詞-副詞可能			1
の	ノ	ノ	の	助詞-格助詞			
数学	スーガク	スウガク	数学	名詞-普通名詞-一般			0
モデル	モデル	モデル	モデル-model	名詞-普通名詞-一般			0,1
と	ト	ト	と	助詞-格助詞			
機械	キカイ	キカイ	機械	名詞-普通名詞-一般			2
学習	ガクシュー	ガクシュウ	学習	名詞-普通名詞-サ変可能			0
に	ニ	ニ	に	助詞-格助詞			
頼っ	タヨッ	タヨル	頼る	動詞-一般	五段-ラ行	連用形-促音便	2
て	テ	テ	て	助詞-接続助詞			
き	キ	クル	来る	動詞-非自立可能	カ行変格	連用形-一般	1
まし	マシ	マス	ます	助動詞	助動詞-マス	連用形-一般	
た	タ	タ	た	助動詞	助動詞-タ	終止形-一般	
。			。	補助記号-句点			
一方	イッポー	イッポウ	一方	接続詞			3
、			、	補助記号-読点			
Aurora	Aurora	Aurora	Aurora	名詞-普通名詞-一般			0
は	ワ	ハ	は	助詞-係助詞			
天気	テンキ	テンキ	天気	名詞-普通名詞-一般			1
予報	ヨホー	ヨホウ	予報	名詞-普通名詞-サ変可能			0
より	ヨリ	ヨリ	より	助詞-格助詞			
はるか	ハルカ	ハルカ	遥か	形状詞-一般			1
に	ニ	ダ	だ	助動詞	助動詞-ダ	連用形-ニ	
複雑	フクザツ	フクザツ	複雑	名詞-普通名詞-形状詞可能			0
な	ナ	ダ	だ	助動詞	助動詞-ダ	連体形-一般	
タスク	タスク	タスク	タスク-task	名詞-普通名詞-一般			1
で	デ	ダ	だ	助動詞	助動詞-ダ	連用形-一般	
ある	アル	アル	有る	動詞-非自立可能	五段-ラ行	連体形-一般	1
世界	セカイ	セカイ	世界	名詞-普通名詞-一般			1,2
的	テキ	テキ	的	接尾辞-形状詞的			
な	ナ	ダ	だ	助動詞	助動詞-ダ	連体形-一般	
大気	タイキ	タイキ	大気	名詞-普通名詞-一般			1
汚染	オセン	オセン	汚染	名詞-普通名詞-サ変可能			0
の	ノ	ノ	の	助詞-格助詞			
予測	ヨソク	ヨソク	予測	名詞-普通名詞-サ変可能			0
も	モ	モ	も	助詞-係助詞			
生成	セーセー	セイセイ	生成	名詞-普通名詞-サ変可能			0
できる	デキル	デキル	出来る	動詞-非自立可能	上一段-カ行	連体形-一般	2
最初	サイショ	サイショ	最初	名詞-普通名詞-副詞可能			0
の	ノ	ノ	の	助詞-格助詞			
AI	AI	AI	AI	名詞-普通名詞-一般			0
モデル	モデル	モデル	モデル-model	名詞-普通名詞-一般			0,1
です	デス	デス	です	助動詞	助動詞-デス	終止形-一般	
。			。	補助記号-句点			
AI	AI	AI	AI	名詞-普通名詞-一般			0
モデル	モデル	モデル	モデル-model	名詞-普通名詞-一般			0,1
の	ノ	ノ	の	助詞-格助詞			
利点	リテン	リテン	利点	名詞-普通名詞-一般			0
は	ワ	ハ	は	助詞-係助詞			
、			、	補助記号-読点			
従来	ジューライ	ジュウライ	従来	名詞-普通名詞-副詞可能			1
の	ノ	ノ	の	助詞-格助詞			
モデル	モデル	モデル	モデル-model	名詞-普通名詞-一般			0,1
より	ヨリ	ヨリ	より	助詞-格助詞			
予測	ヨソク	ヨソク	予測	名詞-普通名詞-サ変可能			0
に	ニ	ニ	に	助詞-格助詞			
必要	ヒツヨー	ヒツヨウ	必要	名詞-普通名詞-形状詞可能			0
な	ナ	ダ	だ	助動詞	助動詞-ダ	連体形-一般	
計算	ケーサン	ケイサン	計算	名詞-普通名詞-サ変可能			0
量	リョー	リョウ	量	名詞-普通名詞-一般			1
が	ガ	ガ	が	助詞-格助詞			
少ない	スクナイ	スクナイ	少ない	形容詞-一般	形容詞	連体形-一般	3
こと	コト	コト	事	名詞-普通名詞-一般			2
です	デス	デス	です	助動詞	助動詞-デス	終止形-一般	
」			」	補助記号-括弧閉			
と	ト	ト	と	助詞-格助詞			
話し	ハナシ	ハナス	話す	動詞-一般	五段-サ行	連用形-一般	2
まし	マシ	マス	ます	助動詞	助動詞-マス	連用形-一般	
た	タ	タ	た	助動詞	助動詞-タ	終止形-一般	
。			。	補助記号-句点			
Microsoft	Microsoft	Microsoft	Microsoft	名詞-普通名詞-一般			0
は	ワ	ハ	は	助詞-係助詞			
、			、	補助記号-読点			
Aurora	Aurora	Aurora	Aurora	名詞-普通名詞-一般			0
が	ガ	ガ	が	助詞-格助詞			
今後	コンゴ	コンゴ	今後	名詞-普通名詞-副詞可能			0,1
発展	ハッテン	ハッテン	発展	名詞-普通名詞-サ変可能			0
し	シ	スル	為る	動詞-非自立可能	サ行変格	連用形-一般	0
て	テ	テ	て	助詞-接続助詞			
いく	イク	イク	行く	動詞-非自立可能	五段-カ行	連体形-一般	0
AI	AI	AI	AI	名詞-普通名詞-一般			0
ベース	ベース	ベース	ベース-base	名詞-普通名詞-一般			1,0
の	ノ	ノ	の	助詞-格助詞			
環境	カンキョー	カンキョウ	環境	名詞-普通名詞-一般			0
予測	ヨソク	ヨソク	予測	名詞-普通名詞-サ変可能			0
テクノロジー	テクノロジー	テクノロジー	テクノロジー-technology	名詞-普通名詞-一般			3
の	ノ	ノ	の	助詞-格助詞			
手本	テホン	テホン	手本	名詞-普通名詞-一般			2
に	ニ	ニ	に	助詞-格助詞			
なる	ナル	ナル	成る	動詞-非自立可能	五段-ラ行	連体形-一般	1
こと	コト	コト	事	名詞-普通名詞-一般			2
を	オ	ヲ	を	助詞-格助詞			
期待	キタイ	キタイ	期待	名詞-普通名詞-サ変可能			0
し	シ	スル	為る	動詞-非自立可能	サ行変格	連用形-一般	0
て	テ	テ	て	助詞-接続助詞			
おり	オリ	オル	居る	動詞-非自立可能	五段-ラ行	連用形-一般	1
、			、	補助記号-読点			
これ	コレ	コレ	此れ	代名詞			0
に	ニ	ニ	に	助詞-格助詞			
より	ヨリ	ヨル	因る	動詞-一般	五段-ラ行	連用形-一般	0
発展	ハッテン	ハッテン	発展	名詞-普通名詞-サ変可能			0
途上	トジョー	トジョウ	途上	名詞-普通名詞-副詞可能			0
国	コク	コク	国	接尾辞-名詞的-一般			
や	ヤ	ヤ	や	助詞-副助詞			
局地	キョクチ	キョクチ	局地	名詞-普通名詞-一般			1
など	ナド	ナド	など	助詞-副助詞			
データ	データ	データ	データ-data	名詞-普通名詞-一般			1,0
が	ガ	ガ	が	助詞-格助詞			
乏しい	トボシー	トボシイ	乏しい	形容詞-一般	形容詞	連体形-一般	3,0
地域	チイキ	チイキ	地域	名詞-普通名詞-一般			1
の	ノ	ノ	の	助詞-格助詞			
正確	セーカク	セイカク	正確	名詞-普通名詞-形状詞可能			0
な	ナ	ダ	だ	助動詞	助動詞-ダ	連体形-一般	
気象	キショー	キショウ	気象	名詞-普通名詞-一般			0
情報	ジョーホー	ジョウホウ	情報	名詞-普通名詞-一般			0
の	ノ	ノ	の	助詞-格助詞			
民主	ミンシュ	ミンシュ	民主	名詞-普通名詞-一般			0,1
化	カ	カ	化	接尾辞-名詞的-サ変可能			
が	ガ	ガ	が	助詞-格助詞			
実現	ジツゲン	ジツゲン	実現	名詞-普通名詞-サ変可能			0
する	スル	スル	為る	動詞-非自立可能	サ行変格	連体形-一般	0
可能	カノー	カノウ	可能	形状詞-一般			0
性	セー	セイ	性	接尾辞-名詞的-一般			
が	ガ	ガ	が	助詞-格助詞			
ある	アル	アル	有る	動詞-非自立可能	五段-ラ行	終止形-一般	1
と	ト	ト	と	助詞-格助詞			
述べ	ノベ	ノベル	述べる	動詞-一般	下一段-バ行	連用形-一般	2
まし	マシ	マス	ます	助動詞	助動詞-マス	連用形-一般	
た	タ	タ	た	助動詞	助動詞-タ	終止形-一般	
。			。	補助記号-句点			
この	コノ	コノ	此の	連体詞			0
記事	キジ	キジ	記事	名詞-普通名詞-一般			1
の	ノ	ノ	の	助詞-格助詞			
タイトル	タイトル	タイトル	タイトル-title	名詞-普通名詞-一般			1,0
と	ト	ト	と	助詞-格助詞			
URL	URL	URL	URL	名詞-普通名詞-一般			0
を	オ	ヲ	を	助詞-格助詞			
コピー	コピー	コピー	コピー-copy	名詞-普通名詞-サ変可能			1
する	スル	スル	為る	動詞-非自立可能	サ行変格	終止形-一般	0
EOS
